order_id,order_date,customer_segment,priority,product_category,order_value_inr,origin,destination,special_handling,carrier,promised_delivery_days,actual_delivery_days,delivery_status,quality_issue,customer_rating,delivery_cost_inr,route,distance_km,fuel_consumption_l,toll_charges_inr,traffic_delay_minutes,weather_impact,fuel_cost,labor_cost,vehicle_maintenance,insurance,packaging_cost,technology_platform_fee,other_overhead,rating,location,warehouse_id,product_category_wh,current_stock_units,reorder_level,storage_cost_per_unit,last_restocked_date,delivery_delay_days,delivery_delay_minutes,is_delayed,promised_delivery_date,promised_margin_min,priority_score,traffic_intensity_score,carrier_reliability_score,route_risk_score,warehouse_utilization,expected_travel_time_min,delay_probability,recommended_action
ORD000134,2025-09-01,Individual,Economy,Fashion,583.56,Bangalore,Chennai,,SpeedyLogistics,5.0,6.0,Slightly-Delayed,Perfect,3.0,770.25,Bangalore-Chennai,1611.11,193.78,1288.89,108.0,,282.15,238.42,93.01,54.77,68.75,67.65,70.1,,Bangalore,WH003_Bangalore,Electronics,2707.0,632.0,27.31,2025-09-22,1.0,1440.0,1,2025-09-06,7200.0,1,0.9152542372803791,0.4878048780487805,0.5491525423682274,4.283227848101266,1933.3319999613332,0.7266666666666667,Monitor closely
ORD000098,2025-09-01,SMB,Economy,Electronics,1111.77,Ahmedabad,Bangkok,,SpeedyLogistics,5.0,9.0,Severely-Delayed,Perfect,3.0,853.74,Ahmedabad-Bangkok,3012.02,363.69,0.0,0.0,,291.98,262.81,120.92,77.01,79.67,70.34,72.23,3.0,,,,,,,,4.0,5760.0,1,2025-09-06,7200.0,1,0.0,0.4878048780487805,0.0,1.0,3614.423999927712,0.9,Reroute/Reassign/Expedite
ORD000103,2025-09-01,Enterprise,Express,Books,8.5,Pune,Delhi,,GlobalTransit,1.0,2.0,Slightly-Delayed,Perfect,3.0,210.97,Pune-Delhi,1155.54,142.95,924.44,61.0,,78.95,53.27,24.84,18.78,16.5,19.08,17.88,3.0,,,,,,,,1.0,1440.0,1,2025-09-02,1440.0,3,0.5169491525379919,0.36363636363636365,0.3101694915227951,1.0,1386.6479999722671,0.8333333333333334,Reroute/Reassign/Expedite
ORD000140,2025-09-01,Individual,Economy,Home Goods,380.8,Bangalore,Chennai,,ReliableExpress,10.0,10.0,On-Time,Perfect,4.0,652.02,Bangalore-Chennai,177.19,19.16,141.75,108.0,,210.78,166.51,71.39,33.87,45.37,73.09,43.73,4.0,Bangalore,WH003_Bangalore,Electronics,2707.0,632.0,27.31,2025-09-22,0.0,0.0,0,2025-09-11,14400.0,1,0.9152542372803791,0.475,0.5491525423682274,4.283227848101266,212.62799999574747,0.17666666666666667,No action required
ORD000186,2025-09-01,Enterprise,Express,Electronics,158.22,Chennai,Hyderabad,Fragile,,,,,,,,,,,,,,,,,,,,,,Chennai,WH004_Chennai,Electronics,3993.0,867.0,36.38,2025-09-27,,0.0,0,,5760.0,3,0.0,0.5386753451112224,0.0,4.6055363321799305,,0.013333333333333334,No action required
ORD000023,2025-09-02,SMB,Express,Home Goods,5959.53,Ahmedabad,Dubai,,EcoDeliver,1.0,3.0,Slightly-Delayed,Perfect,4.0,577.28,Ahmedabad-Dubai,2187.37,266.32,0.0,0.0,,174.67,179.16,76.76,48.72,32.34,67.85,34.09,4.0,,,,,,,,2.0,2880.0,1,2025-09-03,1440.0,3,0.0,0.625,0.0,1.0,2624.843999947503,0.7833333333333333,Monitor closely
ORD000171,2025-09-02,Individual,Standard,Home Goods,15440.85,Hyderabad,Bangalore,,,,,,,,,,,,,,,,,,,,,,,,,,,,,,,0.0,0,,5760.0,2,0.0,0.5386753451112224,0.0,1.0,,0.0033333333333333335,No action required
ORD000018,2025-09-02,Enterprise,Economy,Electronics,301.46,Mumbai,Chennai,Fragile,EcoDeliver,7.0,8.0,Slightly-Delayed,Perfect,3.0,658.72,Mumbai-Chennai,757.12,90.97,605.7,114.0,,247.18,199.68,88.18,47.05,57.03,74.42,37.76,,Mumbai,WH001_Mumbai,Electronics,3042.0,925.0,18.32,2025-10-06,1.0,1440.0,1,2025-09-09,10080.0,1,0.9661016949070669,0.625,0.5796610169442401,3.288648648648649,908.5439999818292,0.75,Monitor closely
ORD000066,2025-09-02,Individual,Economy,Healthcare,1004.43,Delhi,Pune,Fragile,QuickShip,7.0,12.0,Severely-Delayed,Perfect,3.0,755.55,Delhi-Pune,288.66,35.98,230.93,98.0,,254.23,237.32,93.17,44.95,64.29,77.26,51.33,3.0,Delhi,WH002_Delhi,Electronics,214.0,873.0,28.37,2025-09-23,5.0,7200.0,1,2025-09-09,10080.0,1,0.8305084745692329,0.7419354838709677,0.4983050847415397,0.24513172966781213,346.3919999930722,0.7033333333333334,Monitor closely
ORD000051,2025-09-02,Enterprise,Economy,Food & Beverage,794.15,Delhi,Pune,,QuickShip,10.0,10.0,On-Time,Perfect,5.0,920.14,Delhi-Pune,1170.25,135.97,936.2,75.0,,324.39,294.25,133.43,82.45,77.12,98.63,89.53,,Delhi,WH002_Delhi,Electronics,214.0,873.0,28.37,2025-09-23,0.0,0.0,0,2025-09-12,14400.0,1,0.6355932203335967,0.7419354838709677,0.381355932200158,0.24513172966781213,1404.299999971914,0.24666666666666667,No action required
ORD000139,2025-09-03,Individual,Express,Electronics,1423.38,Delhi,Pune,,EcoDeliver,1.0,4.0,Severely-Delayed,Perfect,1.0,495.14,Delhi-Pune,1212.91,142.06,970.32,56.0,,165.81,142.34,64.9,42.55,27.5,40.32,49.37,1.0,Delhi,WH002_Delhi,Electronics,214.0,873.0,28.37,2025-09-23,3.0,4320.0,1,2025-09-04,1440.0,3,0.47457627118241885,0.625,0.2847457627094513,0.24513172966781213,1455.4919999708904,0.81,Reroute/Reassign/Expedite
ORD000016,2025-09-03,Enterprise,Standard,Healthcare,34.57,Delhi,Mumbai,Fragile,ReliableExpress,3.0,3.0,On-Time,Perfect,5.0,425.42,Delhi-Mumbai,921.79,114.25,737.43,54.0,,134.78,143.76,54.39,26.19,31.96,46.48,41.65,,Delhi,WH002_Delhi,Electronics,214.0,873.0,28.37,2025-09-23,0.0,0.0,0,2025-09-06,4320.0,2,0.45762711864018957,0.475,0.2745762711841137,0.24513172966781213,1106.1479999778771,0.2866666666666667,No action required
ORD000190,2025-09-03,Enterprise,Economy,Fashion,24.02,Mumbai,Kolkata,,,,,,,,,,,,,,,,,,,,,,,Mumbai,WH001_Mumbai,Electronics,3042.0,925.0,18.32,2025-10-06,,0.0,0,,5760.0,1,0.0,0.5386753451112224,0.0,3.288648648648649,,0.0,No action required
ORD000038,2025-09-03,Enterprise,Express,Books,410.02,Hyderabad,Singapore,,SpeedyLogistics,1.0,6.0,Severely-Delayed,Perfect,1.0,669.84,Hyderabad-Singapore,2338.79,284.08,0.0,0.0,,245.92,185.59,69.7,66.74,38.72,80.07,66.22,1.0,,,,,,,,5.0,7200.0,1,2025-09-04,1440.0,3,0.0,0.4878048780487805,0.0,1.0,2806.5479999438694,0.81,Reroute/Reassign/Expedite
ORD000045,2025-09-04,Individual,Economy,Home Goods,1032.69,Kolkata,Pune,Hazmat,SpeedyLogistics,5.0,5.0,On-Time,Perfect,4.0,637.03,Kolkata-Pune,419.33,52.52,335.47,31.0,,205.52,203.36,71.14,51.77,55.65,56.54,33.76,,Kolkata,WH005_Kolkata,Electronics,2681.0,717.0,22.52,2025-09-26,0.0,0.0,0,2025-09-09,7200.0,1,0.2627118644045533,0.4878048780487805,0.15762711864273196,3.739191073919107,503.1959999899361,0.19666666666666666,No action required
ORD000065,2025-09-04,Individual,Economy,Fashion,267.45,Hyderabad,Mumbai,,QuickShip,7.0,7.0,On-Time,Perfect,5.0,650.86,Hyderabad-Mumbai,1726.56,207.19,1381.25,40.0,,211.68,182.75,85.06,61.76,58.9,67.25,56.31,,,,,,,,,0.0,0.0,0,2025-09-11,10080.0,1,0.33898305084458485,0.7419354838709677,0.2033898305067509,1.0,2071.871999958563,0.11333333333333333,No action required
ORD000069,2025-09-04,Enterprise,Standard,Electronics,5759.28,Chennai,Singapore,,ReliableExpress,3.0,4.0,Slightly-Delayed,Perfect,3.0,368.74,Chennai-Singapore,4609.29,555.42,0.0,0.0,,115.06,113.74,54.75,25.4,19.58,34.5,27.76,,Chennai,WH004_Chennai,Electronics,3993.0,867.0,36.38,2025-09-27,1.0,1440.0,1,2025-09-07,4320.0,2,0.0,0.475,0.0,4.6055363321799305,5531.147999889377,0.7,Monitor closely
ORD000156,2025-09-04,SMB,Economy,Home Goods,2196.18,Mumbai,Kolkata,Temperature_Controlled,,,,,,,,,,,,,,,,,,,,,,Mumbai,WH001_Mumbai,Electronics,3042.0,925.0,18.32,2025-10-06,,0.0,0,,5760.0,1,0.0,0.5386753451112224,0.0,3.288648648648649,,0.0,No action required
ORD000113,2025-09-05,SMB,Economy,Fashion,1265.06,Mumbai,Pune,Fragile,SpeedyLogistics,10.0,15.0,Severely-Delayed,Perfect,1.0,1056.9,Mumbai-Pune,986.48,123.15,789.19,118.0,,376.74,334.3,141.58,102.08,105.53,115.0,68.02,1.0,Mumbai,WH001_Mumbai,Electronics,3042.0,925.0,18.32,2025-10-06,5.0,7200.0,1,2025-09-15,14400.0,1,0.9999999999915254,0.4878048780487805,0.5999999999949153,3.288648648648649,1183.7759999763246,0.8366666666666667,Reroute/Reassign/Expedite
ORD000141,2025-09-05,SMB,Standard,Electronics,207.43,Kolkata,Bangkok,,SpeedyLogistics,4.0,6.0,Slightly-Delayed,Perfect,3.0,734.19,Kolkata-Bangkok,2383.6,288.69,0.0,0.0,,252.87,233.15,92.1,68.33,68.5,59.03,65.27,3.0,Kolkata,WH005_Kolkata,Electronics,2681.0,717.0,22.52,2025-09-26,2.0,2880.0,1,2025-09-09,5760.0,2,0.0,0.4878048780487805,0.0,3.739191073919107,2860.319999942794,0.8833333333333333,Reroute/Reassign/Expedite
ORD000192,2025-09-06,Individual,Standard,Electronics,1750.12,Hyderabad,Bangalore,Hazmat,,,,,,,,,,,,,,,,,,,,,,,,,,,,,,0.0,0,,5760.0,2,0.0,0.5386753451112224,0.0,1.0,,0.0033333333333333335,No action required
ORD000067,2025-09-06,SMB,Express,Electronics,5239.28,Pune,Singapore,,ReliableExpress,1.0,1.0,On-Time,Perfect,5.0,196.3,Pune-Singapore,2157.07,261.52,0.0,0.0,,76.78,49.49,22.73,10.37,17.34,21.22,13.07,5.0,,,,,,,,0.0,0.0,0,2025-09-07,1440.0,3,0.0,0.475,0.0,1.0,2588.4839999482306,0.25333333333333335,No action required
ORD000174,2025-09-06,SMB,Economy,Home Goods,1.91,Delhi,Hong Kong,,,,,,,,,,,,,,,,,,,,,,,Delhi,WH002_Delhi,Electronics,214.0,873.0,28.37,2025-09-23,,0.0,0,,5760.0,1,0.0,0.5386753451112224,0.0,0.24513172966781213,,0.0033333333333333335,No action required
ORD000118,2025-09-07,SMB,Standard,Fashion,548.35,Bangalore,Kolkata,,ReliableExpress,4.0,4.0,On-Time,Perfect,5.0,538.4,Bangalore-Kolkata,1178.42,138.63,942.73,103.0,Light_Rain,192.48,145.74,67.42,35.32,38.43,56.97,46.98,5.0,Bangalore,WH003_Bangalore,Electronics,2707.0,632.0,27.31,2025-09-22,0.0,0.0,0,2025-09-11,5760.0,2,0.8728813559248061,0.475,0.6437288135548836,4.283227848101266,1414.103999971718,0.28,No action required
ORD000040,2025-09-07,Enterprise,Standard,Electronics,32.22,Kolkata,Hyderabad,,GlobalTransit,5.0,5.0,On-Time,Perfect,5.0,637.37,Kolkata-Hyderabad,1233.65,145.15,986.92,33.0,,217.42,186.59,74.26,49.85,58.98,56.13,61.65,5.0,Kolkata,WH005_Kolkata,Electronics,2681.0,717.0,22.52,2025-09-26,0.0,0.0,0,2025-09-12,7200.0,2,0.2796610169467825,0.36363636363636365,0.16779661016806952,3.739191073919107,1480.3799999703926,0.22666666666666666,No action required
ORD000055,2025-09-07,SMB,Economy,Fashion,1099.0,Hyderabad,Delhi,Fragile,GlobalTransit,7.0,12.0,Severely-Delayed,Perfect,3.0,919.83,Hyderabad-Delhi,637.66,72.54,510.13,64.0,,347.68,240.83,91.98,78.74,62.39,82.95,46.58,3.0,,,,,,,,5.0,7200.0,1,2025-09-14,10080.0,1,0.5423728813513358,0.36363636363636365,0.32542372881080145,1.0,765.1919999846962,0.8466666666666667,Reroute/Reassign/Expedite
ORD000100,2025-09-07,SMB,Express,Home Goods,99.44,Chennai,Dubai,,QuickShip,2.0,2.0,On-Time,Perfect,5.0,555.86,Chennai-Dubai,2023.52,244.13,0.0,0.0,,204.3,160.98,59.28,32.2,54.18,64.03,53.0,5.0,Chennai,WH004_Chennai,Electronics,3993.0,867.0,36.38,2025-09-27,0.0,0.0,0,2025-09-09,2880.0,3,0.0,0.7419354838709677,0.0,4.6055363321799305,2428.223999951436,0.15,No action required
ORD000168,2025-09-07,SMB,Standard,Books,2320.99,Mumbai,Chennai,,,,,,,,,,,,,,,,,,,,,,,Mumbai,WH001_Mumbai,Electronics,3042.0,925.0,18.32,2025-10-06,,0.0,0,,5760.0,2,0.0,0.5386753451112224,0.0,3.288648648648649,,0.0,No action required
ORD000193,2025-09-08,SMB,Standard,Electronics,1469.9,Mumbai,Hyderabad,,,,,,,,,,,,,,,,,,,,,,,Mumbai,WH001_Mumbai,Electronics,3042.0,925.0,18.32,2025-10-06,,0.0,0,,5760.0,2,0.0,0.5386753451112224,0.0,3.288648648648649,,0.0033333333333333335,No action required
ORD000005,2025-09-08,SMB,Standard,Fashion,19148.65,Chennai,Mumbai,,SpeedyLogistics,4.0,5.0,Slightly-Delayed,Perfect,3.0,537.9,Chennai-Mumbai,1251.56,147.54,1001.25,10.0,,191.92,150.42,79.03,48.92,53.35,48.62,52.98,,Chennai,WH004_Chennai,Electronics,3993.0,867.0,36.38,2025-09-27,1.0,1440.0,1,2025-09-12,5760.0,2,0.08474576271114621,0.4878048780487805,0.05084745762668773,4.6055363321799305,1501.8719999699626,0.84,Reroute/Reassign/Expedite
ORD000057,2025-09-08,Enterprise,Economy,Fashion,961.94,Kolkata,Bangalore,,EcoDeliver,10.0,10.0,On-Time,Perfect,5.0,761.7,Kolkata-Bangalore,1642.24,201.5,1313.79,82.0,Heavy_Rain,257.45,236.67,90.97,47.24,41.7,70.53,41.77,,Kolkata,WH005_Kolkata,Electronics,2681.0,717.0,22.52,2025-09-26,0.0,0.0,0,2025-09-18,14400.0,1,0.694915254231399,0.625,0.7369491525388394,3.739191073919107,1970.6879999605867,0.08333333333333333,No action required
ORD000120,2025-09-08,SMB,Economy,Fashion,2843.45,Delhi,Mumbai,,ReliableExpress,5.0,5.0,On-Time,Perfect,5.0,688.86,Delhi-Mumbai,149.59,17.76,119.67,12.0,,258.41,234.01,98.03,40.74,67.38,65.49,46.13,5.0,Delhi,WH002_Delhi,Electronics,214.0,873.0,28.37,2025-09-23,0.0,0.0,0,2025-09-13,7200.0,1,0.10169491525337547,0.475,0.06101694915202528,0.24513172966781213,179.50799999640986,0.19,No action required
ORD000105,2025-09-08,SMB,Economy,Healthcare,2968.04,Chennai,Bangalore,,SpeedyLogistics,10.0,10.0,On-Time,Perfect,5.0,810.33,Chennai-Bangalore,381.77,45.27,305.42,43.0,Heavy_Rain,277.06,251.15,101.85,52.19,40.78,80.91,52.09,,Chennai,WH004_Chennai,Electronics,3993.0,867.0,36.38,2025-09-27,0.0,0.0,0,2025-09-18,14400.0,1,0.3644067796579287,0.4878048780487805,0.5386440677947573,4.6055363321799305,458.12399999083755,0.23333333333333334,No action required
ORD000081,2025-09-08,Individual,Standard,Electronics,2495.1,Mumbai,Ahmedabad,,ReliableExpress,5.0,7.0,Slightly-Delayed,Perfect,3.0,814.05,Mumbai-Ahmedabad,873.36,102.48,698.69,80.0,,254.98,239.32,107.62,56.21,42.92,84.64,77.43,,Mumbai,WH001_Mumbai,Electronics,3042.0,925.0,18.32,2025-10-06,2.0,2880.0,1,2025-09-13,7200.0,2,0.6779661016891697,0.475,0.4067796610135018,3.288648648648649,1048.0319999790395,0.8566666666666667,Reroute/Reassign/Expedite
ORD000109,2025-09-08,Individual,Standard,Food & Beverage,68.95,Ahmedabad,Hong Kong,,SpeedyLogistics,3.0,3.0,On-Time,Perfect,5.0,267.91,Ahmedabad-Hong Kong,4943.43,593.91,0.0,0.0,,104.83,82.31,29.21,17.0,16.06,24.08,17.5,5.0,,,,,,,,0.0,0.0,0,2025-09-11,4320.0,2,0.0,0.4878048780487805,0.0,1.0,5932.115999881359,0.11666666666666667,No action required
ORD000042,2025-09-09,Enterprise,Standard,Home Goods,16.31,Mumbai,Bangkok,Fragile,ReliableExpress,4.0,4.0,On-Time,Perfect,4.0,588.56,Mumbai-Bangkok,4718.33,564.41,0.0,0.0,,228.94,205.52,67.51,35.62,51.95,53.04,54.9,,Mumbai,WH001_Mumbai,Electronics,3042.0,925.0,18.32,2025-10-06,0.0,0.0,0,2025-09-13,5760.0,2,0.0,0.475,0.0,3.288648648648649,5661.995999886761,0.22,No action required
ORD000049,2025-09-09,Individual,Standard,Fashion,293.0,Delhi,Hong Kong,,GlobalTransit,5.0,5.0,On-Time,Major_Damage,3.0,452.68,Delhi-Hong Kong,2359.86,287.35,0.0,0.0,Light_Rain,138.09,153.48,58.33,35.4,33.96,37.47,24.67,3.0,Delhi,WH002_Delhi,Electronics,214.0,873.0,28.37,2025-09-23,0.0,0.0,0,2025-09-14,7200.0,2,0.0,0.36363636363636365,0.12,0.24513172966781213,2831.831999943364,0.16,No action required
ORD000146,2025-09-09,Individual,Standard,Home Goods,611.41,Delhi,Bangalore,Temperature_Controlled,QuickShip,4.0,5.0,Slightly-Delayed,Perfect,3.0,747.94,Delhi-Bangalore,1361.22,166.83,1088.98,86.0,,289.89,254.7,93.23,49.74,41.39,88.36,39.65,3.0,Delhi,WH002_Delhi,Electronics,214.0,873.0,28.37,2025-09-23,1.0,1440.0,1,2025-09-13,5760.0,2,0.7288135593158575,0.7419354838709677,0.43728813558951446,0.24513172966781213,1633.463999967331,0.7633333333333333,Monitor closely
ORD000119,2025-09-09,Individual,Standard,Healthcare,163.37,Bangalore,Bangkok,,ReliableExpress,3.0,7.0,Severely-Delayed,Perfect,1.0,490.5,Bangalore-Bangkok,4186.58,498.34,0.0,0.0,,158.54,142.51,55.65,29.4,43.74,57.08,33.6,1.0,Bangalore,WH003_Bangalore,Electronics,2707.0,632.0,27.31,2025-09-22,4.0,5760.0,1,2025-09-12,4320.0,2,0.0,0.475,0.0,4.283227848101266,5023.895999899522,0.8666666666666667,Reroute/Reassign/Expedite
ORD000101,2025-09-09,Enterprise,Express,Home Goods,47177.07,Bangalore,Mumbai,,QuickShip,2.0,2.0,On-Time,Perfect,5.0,204.92,Bangalore-Mumbai,328.27,43.97,262.61,26.0,Light_Rain,81.79,55.5,24.13,17.1,15.2,19.82,13.91,5.0,Bangalore,WH003_Bangalore,Electronics,2707.0,632.0,27.31,2025-09-22,0.0,0.0,0,2025-09-11,2880.0,3,0.22033898304898017,0.7419354838709677,0.25220338982938806,4.283227848101266,393.92399999212154,0.22,No action required
ORD000195,2025-09-09,SMB,Express,Books,411.37,Mumbai,Hong Kong,Hazmat,,,,,,,,,,,,,,,,,,,,,,Mumbai,WH001_Mumbai,Electronics,3042.0,925.0,18.32,2025-10-06,,0.0,0,,5760.0,3,0.0,0.5386753451112224,0.0,3.288648648648649,,0.0,No action required
ORD000075,2025-09-10,Enterprise,Economy,Food & Beverage,24.75,Delhi,Dubai,,ReliableExpress,10.0,15.0,Severely-Delayed,Perfect,3.0,1178.01,Delhi-Dubai,2334.54,280.3,0.0,0.0,,448.0,358.15,122.47,92.23,112.38,112.92,76.35,,Delhi,WH002_Delhi,Electronics,214.0,873.0,28.37,2025-09-23,5.0,7200.0,1,2025-09-20,14400.0,1,0.0,0.475,0.0,0.24513172966781213,2801.4479999439714,0.8266666666666667,Reroute/Reassign/Expedite
ORD000181,2025-09-11,Individual,Express,Fashion,443.83,Kolkata,Delhi,,,,,,,,,,,,,,,,,,,,,,,Kolkata,WH005_Kolkata,Electronics,2681.0,717.0,22.52,2025-09-26,,0.0,0,,5760.0,3,0.0,0.5386753451112224,0.0,3.739191073919107,,0.0,No action required
ORD000011,2025-09-11,Enterprise,Standard,Books,41.07,Delhi,Bangkok,,EcoDeliver,3.0,4.0,Slightly-Delayed,Perfect,3.0,319.8,Delhi-Bangkok,4720.83,562.82,0.0,0.0,,96.98,95.16,38.5,18.57,26.49,38.01,24.98,3.0,Delhi,WH002_Delhi,Electronics,214.0,873.0,28.37,2025-09-23,1.0,1440.0,1,2025-09-14,4320.0,2,0.0,0.625,0.0,0.24513172966781213,5664.995999886701,0.7033333333333334,Monitor closely
ORD000107,2025-09-11,Individual,Express,Food & Beverage,1184.59,Kolkata,Bangalore,,ReliableExpress,1.0,1.0,On-Time,Perfect,5.0,216.25,Kolkata-Bangalore,1551.43,183.59,1241.15,69.0,,78.41,65.97,26.03,16.45,20.51,19.0,11.06,5.0,Kolkata,WH005_Kolkata,Electronics,2681.0,717.0,22.52,2025-09-26,0.0,0.0,0,2025-09-12,1440.0,3,0.5847457627069089,0.475,0.3508474576241453,3.739191073919107,1861.7159999627659,0.18333333333333332,No action required
ORD000010,2025-09-11,SMB,Standard,Electronics,7936.32,Hyderabad,Mumbai,Hazmat,GlobalTransit,4.0,9.0,Severely-Delayed,Minor_Damage,3.0,891.65,Hyderabad-Mumbai,771.73,88.0,617.39,16.0,Light_Rain,308.43,249.95,130.74,49.87,86.21,95.72,68.28,,,,,,,,,5.0,7200.0,1,2025-09-15,5760.0,2,0.13559322033783394,0.36363636363636365,0.20135593220270037,1.0,926.0759999814786,0.8333333333333334,Reroute/Reassign/Expedite
ORD000121,2025-09-12,Enterprise,Express,Industrial,157.41,Mumbai,Pune,,GlobalTransit,1.0,1.0,On-Time,Perfect,4.0,362.43,Mumbai-Pune,1632.35,192.42,1305.88,118.0,Heavy_Rain,110.99,108.23,38.22,22.63,23.86,40.72,33.99,,Mumbai,WH001_Mumbai,Electronics,3042.0,925.0,18.32,2025-10-06,0.0,0.0,0,2025-09-13,1440.0,3,0.9999999999915254,0.36363636363636365,0.9199999999949153,3.288648648648649,1958.8199999608237,0.24,No action required
ORD000026,2025-09-12,Individual,Standard,Fashion,1404.91,Bangalore,Delhi,,SpeedyLogistics,5.0,6.0,Slightly-Delayed,Perfect,3.0,629.91,Bangalore-Delhi,1277.31,149.62,1021.84,20.0,,230.66,195.43,68.13,38.86,32.24,71.43,62.19,3.0,Bangalore,WH003_Bangalore,Electronics,2707.0,632.0,27.31,2025-09-22,1.0,1440.0,1,2025-09-17,7200.0,2,0.16949152542229243,0.4878048780487805,0.10169491525337546,4.283227848101266,1532.7719999693445,0.84,Reroute/Reassign/Expedite
ORD000188,2025-09-13,Individual,Standard,Industrial,504.47,Ahmedabad,Bangkok,,,,,,,,,,,,,,,,,,,,,,,,,,,,,,,0.0,0,,5760.0,2,0.0,0.5386753451112224,0.0,1.0,,0.0,No action required
ORD000151,2025-09-13,SMB,Standard,Electronics,786.9,Mumbai,Ahmedabad,,,,,,,,,,,,,,,,,,,,,,,Mumbai,WH001_Mumbai,Electronics,3042.0,925.0,18.32,2025-10-06,,0.0,0,,5760.0,2,0.0,0.5386753451112224,0.0,3.288648648648649,,0.0,No action required
ORD000166,2025-09-13,Enterprise,Economy,Industrial,3633.98,Bangalore,Kolkata,,,,,,,,,,,,,,,,,,,,,,,Bangalore,WH003_Bangalore,Electronics,2707.0,632.0,27.31,2025-09-22,,0.0,0,,5760.0,1,0.0,0.5386753451112224,0.0,4.283227848101266,,0.0033333333333333335,No action required
ORD000060,2025-09-14,SMB,Economy,Books,1050.42,Pune,Singapore,,ReliableExpress,5.0,5.0,On-Time,Perfect,5.0,515.07,Pune-Singapore,4532.75,545.69,0.0,0.0,,161.38,161.34,54.81,40.65,43.61,55.64,45.16,5.0,,,,,,,,0.0,0.0,0,2025-09-19,7200.0,1,0.0,0.475,0.0,1.0,5439.299999891215,0.16,No action required
ORD000077,2025-09-14,SMB,Standard,Industrial,1130.31,Mumbai,Hong Kong,,QuickShip,3.0,3.0,On-Time,Perfect,5.0,463.0,Mumbai-Hong Kong,4514.8,543.87,0.0,0.0,Heavy_Rain,166.06,154.11,48.16,34.19,37.74,52.39,41.29,5.0,Mumbai,WH001_Mumbai,Electronics,3042.0,925.0,18.32,2025-10-06,0.0,0.0,0,2025-09-17,4320.0,2,0.0,0.7419354838709677,0.32000000000000006,3.288648648648649,5417.759999891646,0.13,No action required
ORD000138,2025-09-14,Individual,Economy,Fashion,1354.42,Delhi,Mumbai,Temperature_Controlled,ReliableExpress,10.0,13.0,Severely-Delayed,Incomplete,3.0,808.82,Delhi-Mumbai,180.99,23.99,144.79,92.0,Light_Rain,252.38,207.67,110.16,78.0,57.85,68.56,61.16,3.0,Delhi,WH002_Delhi,Electronics,214.0,873.0,28.37,2025-09-23,3.0,4320.0,1,2025-09-24,14400.0,1,0.7796610169425452,0.475,0.5877966101655271,0.24513172966781213,217.18799999565624,0.7133333333333334,Monitor closely
ORD000143,2025-09-14,Individual,Express,Home Goods,302.97,Chennai,Ahmedabad,,SpeedyLogistics,1.0,2.0,Slightly-Delayed,Incomplete,1.0,349.92,Chennai-Ahmedabad,1754.23,207.77,1403.39,37.0,,139.69,117.49,36.7,29.85,23.54,28.09,24.56,1.0,Chennai,WH004_Chennai,Electronics,3993.0,867.0,36.38,2025-09-27,1.0,1440.0,1,2025-09-15,1440.0,3,0.31355932203124104,0.4878048780487805,0.18813559321874462,4.6055363321799305,2105.0759999578986,0.7133333333333334,Monitor closely
ORD000082,2025-09-14,Enterprise,Standard,Fashion,107.63,Chennai,Hyderabad,,SpeedyLogistics,5.0,6.0,Slightly-Delayed,Perfect,3.0,723.21,Chennai-Hyderabad,1759.22,207.36,1407.38,52.0,,244.68,196.45,88.32,37.91,65.83,81.76,57.42,3.0,Chennai,WH004_Chennai,Electronics,3993.0,867.0,36.38,2025-09-27,1.0,1440.0,1,2025-09-19,7200.0,2,0.44067796609796034,0.4878048780487805,0.2644067796587762,4.6055363321799305,2111.063999957779,0.69,Monitor closely
ORD000047,2025-09-14,SMB,Express,Industrial,14542.31,Mumbai,Bangkok,Temperature_Controlled,QuickShip,1.0,1.0,On-Time,Perfect,4.0,166.22,Mumbai-Bangkok,4047.85,483.16,0.0,0.0,Light_Rain,65.31,47.07,20.49,8.42,8.99,15.02,8.54,,Mumbai,WH001_Mumbai,Electronics,3042.0,925.0,18.32,2025-10-06,0.0,0.0,0,2025-09-15,1440.0,3,0.0,0.7419354838709677,0.12,3.288648648648649,4857.4199999028515,0.11333333333333333,No action required
ORD000003,2025-09-15,SMB,Economy,Industrial,3024.95,Mumbai,Pune,,SpeedyLogistics,10.0,15.0,Severely-Delayed,Minor_Damage,3.0,1039.19,Mumbai-Pune,519.74,65.75,415.79,2.0,,322.61,319.74,128.03,58.13,102.91,92.06,55.45,3.0,Mumbai,WH001_Mumbai,Electronics,3042.0,925.0,18.32,2025-10-06,5.0,7200.0,1,2025-09-25,14400.0,1,0.016949152542229243,0.4878048780487805,0.010169491525337545,3.288648648648649,623.6879999875263,0.8333333333333334,Reroute/Reassign/Expedite
ORD000080,2025-09-15,Enterprise,Standard,Fashion,3458.96,Pune,Hyderabad,,QuickShip,3.0,3.0,On-Time,Perfect,5.0,409.75,Pune-Hyderabad,1737.95,208.74,1390.36,101.0,Light_Rain,156.1,141.39,41.43,40.62,22.25,46.13,26.23,5.0,,,,,,,,0.0,0.0,0,2025-09-18,4320.0,2,0.8559322033825768,0.7419354838709677,0.633559322029546,1.0,2085.5399999582896,0.09333333333333334,No action required
ORD000096,2025-09-15,SMB,Express,Food & Beverage,596.33,Delhi,Ahmedabad,,SpeedyLogistics,2.0,2.0,On-Time,Perfect,5.0,380.05,Delhi-Ahmedabad,1768.81,212.53,1415.05,67.0,,127.31,124.75,56.87,23.58,35.62,43.03,23.27,5.0,Delhi,WH002_Delhi,Electronics,214.0,873.0,28.37,2025-09-23,0.0,0.0,0,2025-09-17,2880.0,3,0.5677966101646796,0.4878048780487805,0.3406779660988078,0.24513172966781213,2122.5719999575485,0.09,No action required
ORD000147,2025-09-15,Individual,Standard,Industrial,137.35,Hyderabad,Chennai,,GlobalTransit,5.0,6.0,Slightly-Delayed,Perfect,3.0,618.15,Hyderabad-Chennai,1623.27,197.97,1298.62,111.0,Light_Rain,203.84,172.96,71.72,35.99,55.11,52.48,50.53,3.0,,,,,,,,1.0,1440.0,1,2025-09-20,7200.0,2,0.940677966093723,0.36363636363636365,0.6844067796562338,1.0,1947.9239999610418,0.7333333333333333,Monitor closely
ORD000162,2025-09-15,SMB,Standard,Healthcare,246.06,Delhi,Singapore,,,,,,,,,,,,,,,,,,,,,,,Delhi,WH002_Delhi,Electronics,214.0,873.0,28.37,2025-09-23,,0.0,0,,5760.0,2,0.0,0.5386753451112224,0.0,0.24513172966781213,,0.0,No action required
ORD000035,2025-09-15,Enterprise,Express,Healthcare,292.89,Pune,Delhi,,SpeedyLogistics,2.0,3.0,Slightly-Delayed,Perfect,3.0,602.9,Pune-Delhi,212.22,23.95,169.77,2.0,,184.29,152.82,72.1,51.16,35.98,63.7,37.98,,,,,,,,,1.0,1440.0,1,2025-09-17,2880.0,3,0.016949152542229243,0.4878048780487805,0.010169491525337545,1.0,254.66399999490673,0.8633333333333333,Reroute/Reassign/Expedite
ORD000148,2025-09-15,SMB,Standard,Electronics,1570.0,Delhi,Mumbai,,EcoDeliver,3.0,3.0,On-Time,Perfect,5.0,285.28,Delhi-Mumbai,408.74,47.76,326.99,46.0,Light_Rain,89.12,73.33,41.5,16.98,25.98,29.04,15.37,,Delhi,WH002_Delhi,Electronics,214.0,873.0,28.37,2025-09-23,0.0,0.0,0,2025-09-18,4320.0,2,0.3898305084712726,0.625,0.35389830508276354,0.24513172966781213,490.4879999901903,0.2633333333333333,No action required
ORD000086,2025-09-16,Individual,Economy,Industrial,1961.75,Delhi,Chennai,,SpeedyLogistics,7.0,10.0,Severely-Delayed,Perfect,1.0,626.95,Delhi-Chennai,1070.1,129.09,856.08,116.0,,193.11,184.44,67.82,37.13,37.69,59.85,32.95,1.0,Delhi,WH002_Delhi,Electronics,214.0,873.0,28.37,2025-09-23,3.0,4320.0,1,2025-09-23,10080.0,1,0.9830508474492962,0.4878048780487805,0.5898305084695776,0.24513172966781213,1284.1199999743176,0.8533333333333334,Reroute/Reassign/Expedite
ORD000034,2025-09-16,Enterprise,Economy,Books,601.2,Mumbai,Dubai,Temperature_Controlled,ReliableExpress,7.0,8.0,Slightly-Delayed,Perfect,3.0,791.94,Mumbai-Dubai,2232.95,267.03,0.0,0.0,,297.78,210.17,85.1,50.22,53.89,76.29,66.51,3.0,Mumbai,WH001_Mumbai,Electronics,3042.0,925.0,18.32,2025-10-06,1.0,1440.0,1,2025-09-23,10080.0,1,0.0,0.475,0.0,3.288648648648649,2679.539999946409,0.8366666666666667,Reroute/Reassign/Expedite
ORD000108,2025-09-17,Individual,Economy,Food & Beverage,4236.07,Chennai,Ahmedabad,,EcoDeliver,10.0,10.0,On-Time,Perfect,4.0,858.3,Chennai-Ahmedabad,1182.12,141.84,945.69,55.0,Light_Rain,331.45,264.11,124.05,68.53,77.68,83.42,75.1,4.0,Chennai,WH004_Chennai,Electronics,3993.0,867.0,36.38,2025-09-27,0.0,0.0,0,2025-09-27,14400.0,1,0.4661016949113042,0.625,0.3996610169467825,4.6055363321799305,1418.543999971629,0.17,No action required
ORD000061,2025-09-17,SMB,Standard,Home Goods,207.75,Mumbai,Singapore,Fragile,ReliableExpress,4.0,4.0,On-Time,Perfect,5.0,558.44,Mumbai-Singapore,2762.69,335.28,0.0,0.0,,216.28,167.53,76.23,45.21,33.13,45.25,35.87,,Mumbai,WH001_Mumbai,Electronics,3042.0,925.0,18.32,2025-10-06,0.0,0.0,0,2025-09-21,5760.0,2,0.0,0.475,0.0,3.288648648648649,3315.2279999336956,0.23333333333333334,No action required
ORD000088,2025-09-18,SMB,Economy,Books,4335.3,Bangalore,Hong Kong,Fragile,SpeedyLogistics,5.0,5.0,On-Time,Perfect,4.0,690.74,Bangalore-Hong Kong,4489.29,539.78,0.0,0.0,,211.51,177.6,88.89,54.09,64.86,70.67,67.69,,Bangalore,WH003_Bangalore,Electronics,2707.0,632.0,27.31,2025-09-22,0.0,0.0,0,2025-09-23,7200.0,1,0.0,0.4878048780487805,0.0,4.283227848101266,5387.147999892257,0.08333333333333333,No action required
ORD000071,2025-09-18,SMB,Standard,Healthcare,587.15,Delhi,Bangkok,,ReliableExpress,5.0,5.0,On-Time,Perfect,5.0,646.39,Delhi-Bangkok,2409.8,290.69,0.0,0.0,Light_Rain,251.01,188.41,77.16,53.64,46.61,68.47,34.31,,Delhi,WH002_Delhi,Electronics,214.0,873.0,28.37,2025-09-23,0.0,0.0,0,2025-09-23,7200.0,2,0.0,0.475,0.12,0.24513172966781213,2891.7599999421655,0.22666666666666666,No action required
ORD000044,2025-09-18,SMB,Express,Home Goods,7910.83,Bangalore,Singapore,,SpeedyLogistics,1.0,1.0,On-Time,Perfect,5.0,150.84,Bangalore-Singapore,2643.88,316.43,0.0,0.0,Light_Rain,54.22,46.81,20.23,11.88,10.78,13.73,13.34,5.0,Bangalore,WH003_Bangalore,Electronics,2707.0,632.0,27.31,2025-09-22,0.0,0.0,0,2025-09-19,1440.0,3,0.0,0.4878048780487805,0.12,4.283227848101266,3172.6559999365472,0.27,No action required
ORD000008,2025-09-19,Enterprise,Standard,Industrial,4771.54,Chennai,Kolkata,,GlobalTransit,5.0,10.0,Severely-Delayed,Perfect,2.0,836.35,Chennai-Kolkata,1430.06,173.95,1144.05,81.0,,280.25,239.41,117.33,55.54,50.56,69.74,61.33,,Chennai,WH004_Chennai,Electronics,3993.0,867.0,36.38,2025-09-27,5.0,7200.0,1,2025-09-24,7200.0,2,0.6864406779602844,0.36363636363636365,0.41186440677617064,4.6055363321799305,1716.0719999656785,0.8333333333333334,Reroute/Reassign/Expedite
ORD000052,2025-09-20,SMB,Economy,Home Goods,1059.66,Chennai,Hyderabad,Temperature_Controlled,ReliableExpress,7.0,8.0,Slightly-Delayed,Perfect,3.0,765.07,Chennai-Hyderabad,274.67,29.85,219.74,92.0,,252.15,191.35,86.91,46.59,63.57,80.6,60.96,3.0,Chennai,WH004_Chennai,Electronics,3993.0,867.0,36.38,2025-09-27,1.0,1440.0,1,2025-09-27,10080.0,1,0.7796610169425452,0.475,0.4677966101655271,4.6055363321799305,329.60399999340797,0.8066666666666666,Reroute/Reassign/Expedite
ORD000179,2025-09-20,Enterprise,Economy,Industrial,116.4,Mumbai,Dubai,,,,,,,,,,,,,,,,,,,,,,,Mumbai,WH001_Mumbai,Electronics,3042.0,925.0,18.32,2025-10-06,,0.0,0,,5760.0,1,0.0,0.5386753451112224,0.0,3.288648648648649,,0.0033333333333333335,No action required
ORD000024,2025-09-21,Individual,Standard,Fashion,360.77,Bangalore,Kolkata,,ReliableExpress,5.0,6.0,Slightly-Delayed,Perfect,3.0,612.64,Bangalore-Kolkata,967.74,117.39,774.19,30.0,Light_Rain,221.94,166.8,70.67,47.37,43.41,52.94,35.87,,Bangalore,WH003_Bangalore,Electronics,2707.0,632.0,27.31,2025-09-22,1.0,1440.0,1,2025-09-26,7200.0,2,0.25423728813343865,0.475,0.2725423728800632,4.283227848101266,1161.2879999767742,0.7966666666666666,Monitor closely
ORD000085,2025-09-21,SMB,Standard,Healthcare,395.79,Delhi,Dubai,,SpeedyLogistics,4.0,7.0,Severely-Delayed,Perfect,1.0,776.69,Delhi-Dubai,4217.08,503.28,0.0,0.0,,247.36,198.8,101.14,68.49,59.16,69.18,64.72,1.0,Delhi,WH002_Delhi,Electronics,214.0,873.0,28.37,2025-09-23,3.0,4320.0,1,2025-09-25,5760.0,2,0.0,0.4878048780487805,0.0,0.24513172966781213,5060.495999898791,0.8,Monitor closely
ORD000041,2025-09-21,SMB,Express,Electronics,131.37,Bangalore,Bangkok,,ReliableExpress,1.0,2.0,Slightly-Delayed,Perfect,3.0,581.61,Bangalore-Bangkok,4410.45,533.55,0.0,0.0,,214.56,193.28,74.34,51.75,29.55,65.57,30.25,3.0,Bangalore,WH003_Bangalore,Electronics,2707.0,632.0,27.31,2025-09-22,1.0,1440.0,1,2025-09-22,1440.0,3,0.0,0.475,0.0,4.283227848101266,5292.539999894149,0.8266666666666667,Reroute/Reassign/Expedite
ORD000006,2025-09-21,Individual,Express,Food & Beverage,158.22,Chennai,Dubai,,GlobalTransit,1.0,2.0,Slightly-Delayed,Perfect,4.0,378.99,Chennai-Dubai,3041.83,365.82,0.0,0.0,,130.04,107.92,38.85,19.95,32.06,37.26,23.24,,Chennai,WH004_Chennai,Electronics,3993.0,867.0,36.38,2025-09-27,1.0,1440.0,1,2025-09-22,1440.0,3,0.0,0.36363636363636365,0.0,4.6055363321799305,3650.195999926996,0.9,Reroute/Reassign/Expedite
ORD000169,2025-09-22,SMB,Standard,Food & Beverage,1919.82,Bangalore,Dubai,,,,,,,,,,,,,,,,,,,,,,,Bangalore,WH003_Bangalore,Electronics,2707.0,632.0,27.31,2025-09-22,,0.0,0,,5760.0,2,0.0,0.5386753451112224,0.0,4.283227848101266,,0.0,No action required
ORD000027,2025-09-22,SMB,Standard,Books,29.39,Bangalore,Bangkok,,SpeedyLogistics,5.0,5.0,On-Time,Perfect,5.0,361.87,Bangalore-Bangkok,4413.31,527.38,0.0,0.0,,113.46,98.84,51.9,34.86,25.69,29.68,18.81,,Bangalore,WH003_Bangalore,Electronics,2707.0,632.0,27.31,2025-09-22,0.0,0.0,0,2025-09-27,7200.0,2,0.0,0.4878048780487805,0.0,4.283227848101266,5295.971999894082,0.22,No action required
ORD000017,2025-09-22,Individual,Standard,Books,849.69,Hyderabad,Singapore,,GlobalTransit,5.0,5.0,On-Time,Perfect,4.0,437.4,Hyderabad-Singapore,2857.35,339.91,0.0,0.0,Light_Rain,140.86,148.11,64.17,41.91,35.77,46.01,30.69,,,,,,,,,0.0,0.0,0,2025-09-27,7200.0,2,0.0,0.36363636363636365,0.12,1.0,3428.819999931424,0.21,No action required
ORD000131,2025-09-22,Individual,Economy,Fashion,1016.71,Chennai,Delhi,Temperature_Controlled,SpeedyLogistics,5.0,5.0,On-Time,Perfect,5.0,404.32,Chennai-Delhi,826.75,97.47,661.4,114.0,,131.36,139.17,46.46,35.89,28.16,34.6,20.43,,Chennai,WH004_Chennai,Electronics,3993.0,867.0,36.38,2025-09-27,0.0,0.0,0,2025-09-27,7200.0,1,0.9661016949070669,0.4878048780487805,0.5796610169442401,4.6055363321799305,992.0999999801581,0.23333333333333334,No action required
ORD000083,2025-09-23,SMB,Standard,Electronics,107.47,Bangalore,Bangkok,,SpeedyLogistics,5.0,10.0,Severely-Delayed,Perfect,2.0,686.42,Bangalore-Bangkok,3147.74,376.41,0.0,0.0,,230.16,226.5,87.68,62.67,55.99,76.45,54.86,2.0,Bangalore,WH003_Bangalore,Electronics,2707.0,632.0,27.31,2025-09-22,5.0,7200.0,1,2025-09-28,7200.0,2,0.0,0.4878048780487805,0.0,4.283227848101266,3777.287999924454,0.89,Reroute/Reassign/Expedite
ORD000159,2025-09-23,Individual,Standard,Books,109.26,Mumbai,Bangkok,,,,,,,,,,,,,,,,,,,,,,,Mumbai,WH001_Mumbai,Electronics,3042.0,925.0,18.32,2025-10-06,,0.0,0,,5760.0,2,0.0,0.5386753451112224,0.0,3.288648648648649,,0.0033333333333333335,No action required
ORD000009,2025-09-23,SMB,Express,Books,3711.35,Delhi,Hong Kong,,SpeedyLogistics,2.0,2.0,On-Time,Perfect,5.0,414.8,Delhi-Hong Kong,3708.13,446.18,0.0,0.0,,144.44,138.58,46.07,28.64,37.51,46.85,28.72,5.0,Delhi,WH002_Delhi,Electronics,214.0,873.0,28.37,2025-09-23,0.0,0.0,0,2025-09-25,2880.0,3,0.0,0.4878048780487805,0.0,0.24513172966781213,4449.755999911005,0.16333333333333333,No action required
ORD000125,2025-09-23,SMB,Express,Electronics,63.28,Delhi,Mumbai,,SpeedyLogistics,2.0,3.0,Slightly-Delayed,Perfect,3.0,292.1,Delhi-Mumbai,1438.83,170.17,1151.07,83.0,,111.35,100.65,33.78,27.14,16.53,31.61,25.44,3.0,Delhi,WH002_Delhi,Electronics,214.0,873.0,28.37,2025-09-23,1.0,1440.0,1,2025-09-25,2880.0,3,0.7033898305025136,0.4878048780487805,0.4220338983015081,0.24513172966781213,1726.595999965468,0.7866666666666666,Monitor closely
ORD000106,2025-09-24,Enterprise,Express,Electronics,8094.79,Kolkata,Pune,Hazmat,ReliableExpress,1.0,4.0,Severely-Delayed,Perfect,1.0,504.67,Kolkata-Pune,1246.39,145.94,997.11,74.0,Light_Rain,188.47,127.38,65.22,48.99,29.63,49.89,27.54,1.0,Kolkata,WH005_Kolkata,Electronics,2681.0,717.0,22.52,2025-09-26,3.0,4320.0,1,2025-09-25,1440.0,3,0.6271186440624821,0.475,0.49627118643748924,3.739191073919107,1495.6679999700868,0.84,Reroute/Reassign/Expedite
ORD000126,2025-09-24,Enterprise,Express,Industrial,77.55,Kolkata,Pune,,ReliableExpress,1.0,2.0,Slightly-Delayed,Perfect,3.0,266.94,Kolkata-Pune,806.53,100.26,645.22,0.0,,98.17,73.47,38.35,15.6,14.06,29.02,19.69,,Kolkata,WH005_Kolkata,Electronics,2681.0,717.0,22.52,2025-09-26,1.0,1440.0,1,2025-09-25,1440.0,3,0.0,0.475,0.0,3.739191073919107,967.8359999806434,0.8966666666666666,Reroute/Reassign/Expedite
ORD000102,2025-09-24,Individual,Economy,Food & Beverage,530.26,Mumbai,Singapore,,SpeedyLogistics,5.0,7.0,Slightly-Delayed,Perfect,4.0,598.02,Mumbai-Singapore,3062.8,372.03,0.0,0.0,Fog,214.92,183.93,64.63,44.01,46.45,61.48,36.18,4.0,Mumbai,WH001_Mumbai,Electronics,3042.0,925.0,18.32,2025-10-06,2.0,2880.0,1,2025-09-29,7200.0,1,0.0,0.4878048780487805,0.16000000000000003,3.288648648648649,3675.3599999264934,0.8233333333333334,Reroute/Reassign/Expedite
ORD000200,2025-09-24,Enterprise,Standard,Electronics,137.83,Hyderabad,Mumbai,Temperature_Controlled,,,,,,,,,,,,,,,,,,,,,,,,,,,,,,0.0,0,,5760.0,2,0.0,0.5386753451112224,0.0,1.0,,0.0,No action required
ORD000012,2025-09-24,Enterprise,Standard,Electronics,73.42,Mumbai,Hong Kong,,ReliableExpress,3.0,3.0,On-Time,Perfect,5.0,583.33,Mumbai-Hong Kong,3797.36,454.22,0.0,0.0,,216.69,149.83,70.51,32.56,47.04,68.56,48.47,,Mumbai,WH001_Mumbai,Electronics,3042.0,925.0,18.32,2025-10-06,0.0,0.0,0,2025-09-27,4320.0,2,0.0,0.475,0.0,3.288648648648649,4556.831999908864,0.21,No action required
ORD000015,2025-09-24,Enterprise,Standard,Industrial,396.69,Kolkata,Delhi,Hazmat,EcoDeliver,3.0,3.0,On-Time,Perfect,5.0,435.14,Kolkata-Delhi,1748.33,214.29,1398.67,25.0,Fog,133.59,125.98,47.47,25.17,39.76,35.54,30.88,5.0,Kolkata,WH005_Kolkata,Electronics,2681.0,717.0,22.52,2025-09-26,0.0,0.0,0,2025-09-27,4320.0,2,0.21186440677786555,0.625,0.2871186440667194,3.739191073919107,2097.99599995804,0.11666666666666667,No action required
ORD000019,2025-09-24,Enterprise,Standard,Electronics,296.08,Ahmedabad,Bangalore,Hazmat,GlobalTransit,5.0,6.0,Slightly-Delayed,Wrong_Item,1.0,417.76,Ahmedabad-Bangalore,1571.48,193.39,1257.18,81.0,,160.12,127.01,59.42,29.9,28.81,48.71,26.13,1.0,,,,,,,,1.0,1440.0,1,2025-09-29,7200.0,2,0.6864406779602844,0.36363636363636365,0.41186440677617064,1.0,1885.7759999622847,0.8,Monitor closely
ORD000090,2025-09-24,SMB,Standard,Fashion,1189.35,Mumbai,Bangkok,Hazmat,GlobalTransit,4.0,5.0,Slightly-Delayed,Perfect,3.0,381.05,Mumbai-Bangkok,4130.41,500.02,0.0,0.0,,150.36,127.35,43.76,20.52,22.29,32.42,21.4,3.0,Mumbai,WH001_Mumbai,Electronics,3042.0,925.0,18.32,2025-10-06,1.0,1440.0,1,2025-09-28,5760.0,2,0.0,0.36363636363636365,0.0,3.288648648648649,4956.491999900871,0.8766666666666667,Reroute/Reassign/Expedite
ORD000099,2025-09-25,SMB,Standard,Home Goods,11917.91,Kolkata,Mumbai,,QuickShip,4.0,5.0,Slightly-Delayed,Perfect,4.0,389.55,Kolkata-Mumbai,203.07,26.27,162.46,25.0,,122.32,113.59,49.64,27.32,29.6,46.69,22.11,4.0,Kolkata,WH005_Kolkata,Electronics,2681.0,717.0,22.52,2025-09-26,1.0,1440.0,1,2025-09-29,5760.0,2,0.21186440677786555,0.7419354838709677,0.12711864406671933,3.739191073919107,243.68399999512636,0.7233333333333334,Monitor closely
ORD000092,2025-09-25,Enterprise,Standard,Books,213.15,Mumbai,Ahmedabad,Fragile,EcoDeliver,5.0,5.0,On-Time,Major_Damage,4.0,694.7,Mumbai-Ahmedabad,1728.24,211.82,1382.59,4.0,,234.96,212.21,72.14,34.88,58.02,73.41,49.0,4.0,Mumbai,WH001_Mumbai,Electronics,3042.0,925.0,18.32,2025-10-06,0.0,0.0,0,2025-09-30,7200.0,2,0.033898305084458485,0.625,0.02033898305067509,3.288648648648649,2073.8879999585224,0.07,No action required
ORD000046,2025-09-25,Enterprise,Standard,Industrial,88.33,Mumbai,Singapore,,SpeedyLogistics,3.0,5.0,Slightly-Delayed,Perfect,3.0,681.84,Mumbai-Singapore,3757.59,452.16,0.0,0.0,,213.48,211.78,97.14,35.63,59.12,63.86,50.41,,Mumbai,WH001_Mumbai,Electronics,3042.0,925.0,18.32,2025-10-06,2.0,2880.0,1,2025-09-28,4320.0,2,0.0,0.4878048780487805,0.0,3.288648648648649,4509.107999909818,0.8266666666666667,Reroute/Reassign/Expedite
ORD000183,2025-09-25,SMB,Standard,Food & Beverage,2523.26,Bangalore,Singapore,,,,,,,,,,,,,,,,,,,,,,,Bangalore,WH003_Bangalore,Electronics,2707.0,632.0,27.31,2025-09-22,,0.0,0,,5760.0,2,0.0,0.5386753451112224,0.0,4.283227848101266,,0.0033333333333333335,No action required
ORD000029,2025-09-25,SMB,Standard,Food & Beverage,211.41,Chennai,Singapore,,ReliableExpress,3.0,3.0,On-Time,Perfect,5.0,267.94,Chennai-Singapore,4030.46,486.94,0.0,0.0,,81.46,82.75,32.12,26.44,20.69,24.39,22.9,,Chennai,WH004_Chennai,Electronics,3993.0,867.0,36.38,2025-09-27,0.0,0.0,0,2025-09-28,4320.0,2,0.0,0.475,0.0,4.6055363321799305,4836.5519999032695,0.30333333333333334,No action required
ORD000050,2025-09-26,Individual,Economy,Food & Beverage,512.5,Kolkata,Delhi,,SpeedyLogistics,5.0,5.0,On-Time,Wrong_Item,4.0,616.12,Kolkata-Delhi,782.46,90.48,625.97,33.0,,221.86,175.04,89.87,43.33,35.22,66.9,39.84,,Kolkata,WH005_Kolkata,Electronics,2681.0,717.0,22.52,2025-09-26,0.0,0.0,0,2025-10-01,7200.0,1,0.2796610169467825,0.4878048780487805,0.16779661016806952,3.739191073919107,938.951999981221,0.19333333333333333,No action required
ORD000142,2025-09-26,SMB,Economy,Books,456.68,Bangalore,Hong Kong,,EcoDeliver,7.0,7.0,On-Time,Perfect,5.0,598.16,Bangalore-Hong Kong,3249.7,390.19,0.0,0.0,,207.01,208.69,74.27,59.42,52.48,53.8,46.01,5.0,Bangalore,WH003_Bangalore,Electronics,2707.0,632.0,27.31,2025-09-22,0.0,0.0,0,2025-10-03,10080.0,1,0.0,0.625,0.0,4.283227848101266,3899.639999922007,0.18666666666666668,No action required
ORD000091,2025-09-26,Enterprise,Express,Industrial,237.89,Mumbai,Hyderabad,,GlobalTransit,1.0,5.0,Severely-Delayed,Perfect,1.0,567.01,Mumbai-Hyderabad,904.78,104.17,723.83,43.0,,199.51,155.69,66.85,56.4,47.75,66.88,32.39,1.0,Mumbai,WH001_Mumbai,Electronics,3042.0,925.0,18.32,2025-10-06,4.0,5760.0,1,2025-09-27,1440.0,3,0.3644067796579287,0.36363636363636365,0.21864406779475723,3.288648648648649,1085.7359999782855,0.88,Reroute/Reassign/Expedite
ORD000149,2025-09-26,SMB,Standard,Fashion,147.13,Bangalore,Chennai,,ReliableExpress,4.0,4.0,On-Time,Perfect,5.0,542.75,Bangalore-Chennai,1774.26,215.45,1419.41,84.0,,214.68,149.09,77.6,31.72,50.31,43.71,41.03,5.0,Bangalore,WH003_Bangalore,Electronics,2707.0,632.0,27.31,2025-09-22,0.0,0.0,0,2025-09-30,5760.0,2,0.7118644067736283,0.475,0.42711864406417693,4.283227848101266,2129.111999957418,0.14,No action required
ORD000072,2025-09-26,Enterprise,Economy,Books,1351.0,Pune,Bangkok,,ReliableExpress,5.0,9.0,Severely-Delayed,Perfect,1.0,762.0,Pune-Bangkok,2946.88,355.07,0.0,0.0,,290.61,262.17,100.92,74.47,43.87,75.51,61.03,,,,,,,,,4.0,5760.0,1,2025-10-01,7200.0,1,0.0,0.475,0.0,1.0,3536.2559999292753,0.83,Reroute/Reassign/Expedite
ORD000031,2025-09-27,Enterprise,Economy,Fashion,1054.55,Mumbai,Bangkok,Temperature_Controlled,QuickShip,7.0,8.0,Slightly-Delayed,Perfect,3.0,871.77,Mumbai-Bangkok,2207.09,259.91,0.0,0.0,Heavy_Rain,331.77,237.5,97.03,79.21,84.14,73.07,63.21,3.0,Mumbai,WH001_Mumbai,Electronics,3042.0,925.0,18.32,2025-10-06,1.0,1440.0,1,2025-10-04,10080.0,1,0.0,0.7419354838709677,0.32000000000000006,3.288648648648649,2648.50799994703,0.7566666666666667,Monitor closely
ORD000132,2025-09-27,Individual,Standard,Electronics,156.71,Chennai,Kolkata,,QuickShip,5.0,6.0,Slightly-Delayed,Perfect,4.0,439.72,Chennai-Kolkata,700.19,87.96,560.15,70.0,Light_Rain,155.85,152.84,52.09,29.84,29.55,44.33,31.67,,Chennai,WH004_Chennai,Electronics,3993.0,867.0,36.38,2025-09-27,1.0,1440.0,1,2025-10-02,7200.0,2,0.5932203389780235,0.7419354838709677,0.4759322033868141,4.6055363321799305,840.2279999831956,0.7866666666666666,Monitor closely
ORD000187,2025-09-27,SMB,Standard,Home Goods,19092.65,Pune,Singapore,,,,,,,,,,,,,,,,,,,,,,,,,,,,,,,0.0,0,,5760.0,2,0.0,0.5386753451112224,0.0,1.0,,0.0,No action required
ORD000194,2025-09-27,SMB,Standard,Home Goods,1027.72,Hyderabad,Singapore,,,,,,,,,,,,,,,,,,,,,,,,,,,,,,,0.0,0,,5760.0,2,0.0,0.5386753451112224,0.0,1.0,,0.0,No action required
ORD000145,2025-09-27,Individual,Economy,Food & Beverage,67.26,Bangalore,Delhi,,QuickShip,10.0,10.0,On-Time,Perfect,5.0,777.65,Bangalore-Delhi,424.9,49.09,339.92,114.0,,251.46,199.72,85.04,60.48,50.21,75.2,53.54,5.0,Bangalore,WH003_Bangalore,Electronics,2707.0,632.0,27.31,2025-09-22,0.0,0.0,0,2025-10-07,14400.0,1,0.9661016949070669,0.7419354838709677,0.5796610169442401,4.283227848101266,509.87999998980234,0.13666666666666666,No action required
ORD000053,2025-09-28,Individual,Standard,Books,1125.45,Bangalore,Hyderabad,Temperature_Controlled,ReliableExpress,3.0,3.0,On-Time,Perfect,5.0,286.91,Bangalore-Hyderabad,569.49,70.41,455.59,86.0,,86.54,92.64,33.33,23.89,22.33,26.89,16.28,5.0,Bangalore,WH003_Bangalore,Electronics,2707.0,632.0,27.31,2025-09-22,0.0,0.0,0,2025-10-01,4320.0,2,0.7288135593158575,0.475,0.43728813558951446,4.283227848101266,683.3879999863323,0.23666666666666666,No action required
ORD000033,2025-09-28,SMB,Economy,Electronics,6441.2,Delhi,Chennai,,SpeedyLogistics,5.0,5.0,On-Time,Perfect,5.0,505.95,Delhi-Chennai,1290.06,150.85,1032.05,22.0,,174.15,143.41,60.58,38.7,29.38,52.05,45.67,,Delhi,WH002_Delhi,Electronics,214.0,873.0,28.37,2025-09-23,0.0,0.0,0,2025-10-03,7200.0,1,0.18644067796452168,0.4878048780487805,0.11186440677871301,0.24513172966781213,1548.0719999690386,0.24666666666666667,No action required
ORD000182,2025-09-28,SMB,Express,Books,1681.21,Delhi,Bangkok,,,,,,,,,,,,,,,,,,,,,,,Delhi,WH002_Delhi,Electronics,214.0,873.0,28.37,2025-09-23,,0.0,0,,5760.0,3,0.0,0.5386753451112224,0.0,0.24513172966781213,,0.0033333333333333335,No action required
ORD000117,2025-09-28,Enterprise,Economy,Industrial,108.5,Ahmedabad,Delhi,,SpeedyLogistics,5.0,5.0,On-Time,Perfect,4.0,666.69,Ahmedabad-Delhi,115.37,12.41,92.29,27.0,,251.07,212.78,98.86,46.45,37.69,71.25,57.65,,,,,,,,,0.0,0.0,0,2025-10-03,7200.0,1,0.22881355932009478,0.4878048780487805,0.13728813559205685,1.0,138.44399999723115,0.09666666666666666,No action required
ORD000176,2025-09-28,Enterprise,Economy,Food & Beverage,576.77,Mumbai,Bangalore,Hazmat,,,,,,,,,,,,,,,,,,,,,,Mumbai,WH001_Mumbai,Electronics,3042.0,925.0,18.32,2025-10-06,,0.0,0,,5760.0,1,0.0,0.5386753451112224,0.0,3.288648648648649,,0.0033333333333333335,No action required
ORD000175,2025-09-28,Individual,Economy,Books,236.32,Pune,Hyderabad,,,,,,,,,,,,,,,,,,,,,,,,,,,,,,,0.0,0,,5760.0,1,0.0,0.5386753451112224,0.0,1.0,,0.0,No action required
ORD000170,2025-09-28,SMB,Economy,Food & Beverage,89.93,Delhi,Hyderabad,,,,,,,,,,,,,,,,,,,,,,,Delhi,WH002_Delhi,Electronics,214.0,873.0,28.37,2025-09-23,,0.0,0,,5760.0,1,0.0,0.5386753451112224,0.0,0.24513172966781213,,0.0,No action required
ORD000002,2025-09-29,SMB,Express,Industrial,17.01,Hyderabad,Kolkata,,SpeedyLogistics,2.0,3.0,Slightly-Delayed,Minor_Damage,1.0,430.19,Hyderabad-Kolkata,362.05,43.98,289.64,33.0,,157.32,146.2,51.61,28.54,21.74,48.64,38.74,1.0,,,,,,,,1.0,1440.0,1,2025-10-01,2880.0,3,0.2796610169467825,0.4878048780487805,0.16779661016806952,1.0,434.45999999131084,0.8266666666666667,Reroute/Reassign/Expedite
ORD000095,2025-09-29,Individual,Standard,Food & Beverage,219.33,Mumbai,Bangalore,Fragile,SpeedyLogistics,3.0,3.0,On-Time,Perfect,5.0,403.7,Mumbai-Bangalore,1623.33,198.27,1298.66,44.0,,153.31,128.28,51.41,29.77,38.8,33.47,25.85,,Mumbai,WH001_Mumbai,Electronics,3042.0,925.0,18.32,2025-10-06,0.0,0.0,0,2025-10-02,4320.0,2,0.37288135592904337,0.4878048780487805,0.22372881355742602,3.288648648648649,1947.9959999610403,0.11,No action required
ORD000070,2025-09-29,Individual,Economy,Home Goods,221.95,Pune,Mumbai,,SpeedyLogistics,10.0,15.0,Severely-Delayed,Perfect,1.0,1105.15,Pune-Mumbai,1453.61,176.97,1162.89,108.0,,349.44,349.02,165.65,80.22,74.86,106.13,61.62,,,,,,,,,5.0,7200.0,1,2025-10-09,14400.0,1,0.9152542372803791,0.4878048780487805,0.5491525423682274,1.0,1744.3319999651133,0.8166666666666667,Reroute/Reassign/Expedite
ORD000164,2025-09-29,Enterprise,Express,Books,16.67,Mumbai,Hyderabad,,,,,,,,,,,,,,,,,,,,,,,Mumbai,WH001_Mumbai,Electronics,3042.0,925.0,18.32,2025-10-06,,0.0,0,,5760.0,3,0.0,0.5386753451112224,0.0,3.288648648648649,,0.0033333333333333335,No action required
ORD000180,2025-09-30,Individual,Economy,Fashion,1607.53,Pune,Singapore,,,,,,,,,,,,,,,,,,,,,,,,,,,,,,,0.0,0,,5760.0,1,0.0,0.5386753451112224,0.0,1.0,,0.0,No action required
ORD000021,2025-09-30,Individual,Express,Healthcare,1334.39,Mumbai,Singapore,Fragile,QuickShip,2.0,2.0,On-Time,Perfect,5.0,526.67,Mumbai-Singapore,2601.42,308.26,0.0,0.0,Heavy_Rain,172.33,132.0,78.43,51.77,36.74,57.48,35.44,5.0,Mumbai,WH001_Mumbai,Electronics,3042.0,925.0,18.32,2025-10-06,0.0,0.0,0,2025-10-02,2880.0,3,0.0,0.7419354838709677,0.32000000000000006,3.288648648648649,3121.703999937566,0.14333333333333334,No action required
ORD000157,2025-09-30,Enterprise,Standard,Home Goods,169.45,Mumbai,Pune,,,,,,,,,,,,,,,,,,,,,,,Mumbai,WH001_Mumbai,Electronics,3042.0,925.0,18.32,2025-10-06,,0.0,0,,5760.0,2,0.0,0.5386753451112224,0.0,3.288648648648649,,0.0,No action required
ORD000078,2025-10-01,SMB,Economy,Industrial,12.07,Hyderabad,Chennai,,SpeedyLogistics,7.0,7.0,On-Time,Perfect,5.0,629.54,Hyderabad-Chennai,153.42,20.77,122.73,101.0,,206.3,216.62,66.87,59.02,62.04,54.82,54.21,5.0,,,,,,,,0.0,0.0,0,2025-10-08,10080.0,1,0.8559322033825768,0.4878048780487805,0.513559322029546,1.0,184.1039999963179,0.15666666666666668,No action required
ORD000152,2025-10-02,Enterprise,Economy,Electronics,412.12,Mumbai,Ahmedabad,,,,,,,,,,,,,,,,,,,,,,,Mumbai,WH001_Mumbai,Electronics,3042.0,925.0,18.32,2025-10-06,,0.0,0,,5760.0,1,0.0,0.5386753451112224,0.0,3.288648648648649,,0.0,No action required
ORD000155,2025-10-02,Enterprise,Economy,Healthcare,475.7,Mumbai,Bangalore,,,,,,,,,,,,,,,,,,,,,,,Mumbai,WH001_Mumbai,Electronics,3042.0,925.0,18.32,2025-10-06,,0.0,0,,5760.0,1,0.0,0.5386753451112224,0.0,3.288648648648649,,0.0033333333333333335,No action required
ORD000167,2025-10-02,Enterprise,Standard,Fashion,635.66,Kolkata,Pune,,,,,,,,,,,,,,,,,,,,,,,Kolkata,WH005_Kolkata,Electronics,2681.0,717.0,22.52,2025-09-26,,0.0,0,,5760.0,2,0.0,0.5386753451112224,0.0,3.739191073919107,,0.0,No action required
ORD000025,2025-10-03,Enterprise,Economy,Fashion,943.42,Mumbai,Hyderabad,,QuickShip,10.0,10.0,On-Time,Perfect,5.0,951.95,Mumbai-Hyderabad,1396.41,171.86,1117.13,85.0,Light_Rain,325.39,310.08,137.94,51.6,66.31,79.97,48.39,5.0,Mumbai,WH001_Mumbai,Electronics,3042.0,925.0,18.32,2025-10-06,0.0,0.0,0,2025-10-13,14400.0,1,0.7203389830447429,0.7419354838709677,0.5522033898268457,3.288648648648649,1675.6919999664863,0.13666666666666666,No action required
ORD000123,2025-10-03,Individual,Express,Industrial,756.16,Mumbai,Hong Kong,,QuickShip,2.0,2.0,On-Time,Minor_Damage,3.0,432.09,Mumbai-Hong Kong,3906.33,464.67,0.0,0.0,,159.12,122.35,54.02,35.56,32.64,36.64,28.35,,Mumbai,WH001_Mumbai,Electronics,3042.0,925.0,18.32,2025-10-06,0.0,0.0,0,2025-10-05,2880.0,3,0.0,0.7419354838709677,0.0,3.288648648648649,4687.595999906248,0.12,No action required
ORD000185,2025-10-03,Enterprise,Economy,Home Goods,127.0,Hyderabad,Mumbai,Temperature_Controlled,,,,,,,,,,,,,,,,,,,,,,,,,,,,,,0.0,0,,5760.0,1,0.0,0.5386753451112224,0.0,1.0,,0.0,No action required
ORD000112,2025-10-03,Individual,Economy,Industrial,162.78,Chennai,Hyderabad,,GlobalTransit,10.0,10.0,On-Time,Perfect,4.0,735.91,Chennai-Hyderabad,1344.61,159.9,1075.69,16.0,Fog,270.0,242.75,107.91,37.54,42.45,84.96,53.67,4.0,Chennai,WH004_Chennai,Electronics,3993.0,867.0,36.38,2025-09-27,0.0,0.0,0,2025-10-13,14400.0,1,0.13559322033783394,0.36363636363636365,0.2413559322027004,4.6055363321799305,1613.5319999677295,0.16333333333333333,No action required
ORD000197,2025-10-03,SMB,Economy,Books,31.82,Delhi,Kolkata,,,,,,,,,,,,,,,,,,,,,,,Delhi,WH002_Delhi,Electronics,214.0,873.0,28.37,2025-09-23,,0.0,0,,5760.0,1,0.0,0.5386753451112224,0.0,0.24513172966781213,,0.0,No action required
ORD000074,2025-10-04,SMB,Express,Fashion,3890.16,Bangalore,Bangkok,Temperature_Controlled,ReliableExpress,2.0,2.0,On-Time,Perfect,5.0,596.51,Bangalore-Bangkok,2862.23,342.15,0.0,0.0,,191.41,152.62,76.13,47.58,55.83,61.49,40.13,,Bangalore,WH003_Bangalore,Electronics,2707.0,632.0,27.31,2025-09-22,0.0,0.0,0,2025-10-06,2880.0,3,0.0,0.475,0.0,4.283227848101266,3434.6759999313067,0.24333333333333335,No action required
ORD000122,2025-10-04,SMB,Standard,Books,191.89,Kolkata,Mumbai,,SpeedyLogistics,3.0,3.0,On-Time,Perfect,5.0,586.69,Kolkata-Mumbai,1788.53,210.07,1430.83,92.0,,193.75,197.05,83.82,51.77,33.64,63.14,57.06,,Kolkata,WH005_Kolkata,Electronics,2681.0,717.0,22.52,2025-09-26,0.0,0.0,0,2025-10-07,4320.0,2,0.7796610169425452,0.4878048780487805,0.4677966101655271,3.739191073919107,2146.2359999570754,0.10333333333333333,No action required
ORD000110,2025-10-05,SMB,Standard,Industrial,145.42,Pune,Dubai,,ReliableExpress,5.0,10.0,Severely-Delayed,Perfect,2.0,904.76,Pune-Dubai,3310.99,398.25,0.0,0.0,,321.65,279.39,109.77,73.08,48.93,75.56,53.01,,,,,,,,,5.0,7200.0,1,2025-10-10,7200.0,2,0.0,0.475,0.0,1.0,3973.1879999205357,0.8233333333333334,Reroute/Reassign/Expedite
ORD000128,2025-10-05,Individual,Standard,Healthcare,52.56,Mumbai,Singapore,,ReliableExpress,3.0,4.0,Slightly-Delayed,Perfect,3.0,391.39,Mumbai-Singapore,2662.56,314.9,0.0,0.0,,137.42,121.5,48.16,35.79,35.8,42.42,21.63,3.0,Mumbai,WH001_Mumbai,Electronics,3042.0,925.0,18.32,2025-10-06,1.0,1440.0,1,2025-10-08,4320.0,2,0.0,0.475,0.0,3.288648648648649,3195.0719999360986,0.77,Monitor closely
ORD000111,2025-10-05,Enterprise,Economy,Fashion,32.49,Chennai,Delhi,Fragile,QuickShip,10.0,10.0,On-Time,Perfect,5.0,978.66,Chennai-Delhi,1157.98,143.77,926.39,3.0,Light_Rain,344.3,265.61,111.73,68.52,88.66,78.84,80.71,5.0,Chennai,WH004_Chennai,Electronics,3993.0,867.0,36.38,2025-09-27,0.0,0.0,0,2025-10-15,14400.0,1,0.025423728813343868,0.7419354838709677,0.1352542372880063,4.6055363321799305,1389.5759999722086,0.13666666666666666,No action required
ORD000133,2025-10-05,SMB,Standard,Books,102.22,Delhi,Bangkok,,EcoDeliver,5.0,5.0,On-Time,Wrong_Item,4.0,433.55,Delhi-Bangkok,3202.83,386.97,0.0,0.0,Light_Rain,168.21,130.3,54.36,24.68,42.98,39.02,23.27,4.0,Delhi,WH002_Delhi,Electronics,214.0,873.0,28.37,2025-09-23,0.0,0.0,0,2025-10-10,7200.0,2,0.0,0.625,0.12,0.24513172966781213,3843.395999923132,0.19,No action required
ORD000135,2025-10-05,SMB,Standard,Industrial,1954.08,Bangalore,Kolkata,,ReliableExpress,3.0,6.0,Severely-Delayed,Perfect,1.0,565.66,Bangalore-Kolkata,416.43,48.29,333.14,102.0,,206.4,165.11,69.52,35.54,49.56,56.86,37.36,,Bangalore,WH003_Bangalore,Electronics,2707.0,632.0,27.31,2025-09-22,3.0,4320.0,1,2025-10-08,4320.0,2,0.8644067796536914,0.475,0.5186440677922148,4.283227848101266,499.71599999000574,0.8233333333333334,Reroute/Reassign/Expedite
ORD000059,2025-10-05,Individual,Standard,Fashion,1266.83,Delhi,Chennai,,GlobalTransit,3.0,7.0,Severely-Delayed,Perfect,1.0,749.94,Delhi-Chennai,1267.93,152.09,1014.35,32.0,Heavy_Rain,285.91,212.0,86.46,52.6,62.71,80.46,49.32,,Delhi,WH002_Delhi,Electronics,214.0,873.0,28.37,2025-09-23,4.0,5760.0,1,2025-10-08,4320.0,2,0.2711864406756679,0.36363636363636365,0.4827118644054008,0.24513172966781213,1521.51599996957,0.83,Reroute/Reassign/Expedite
ORD000076,2025-10-06,Enterprise,Express,Electronics,1799.76,Bangalore,Hyderabad,,QuickShip,2.0,2.0,On-Time,Perfect,5.0,477.95,Bangalore-Hyderabad,1520.32,177.58,1216.25,36.0,Heavy_Rain,150.24,126.73,58.14,38.13,25.82,56.2,41.94,5.0,Bangalore,WH003_Bangalore,Electronics,2707.0,632.0,27.31,2025-09-22,0.0,0.0,0,2025-10-08,2880.0,3,0.3050847457601264,0.7419354838709677,0.5030508474560759,4.283227848101266,1824.3839999635125,0.14,No action required
ORD000165,2025-10-06,SMB,Economy,Fashion,46.97,Delhi,Bangkok,,,,,,,,,,,,,,,,,,,,,,,Delhi,WH002_Delhi,Electronics,214.0,873.0,28.37,2025-09-23,,0.0,0,,5760.0,1,0.0,0.5386753451112224,0.0,0.24513172966781213,,0.0033333333333333335,No action required
ORD000013,2025-10-06,SMB,Standard,Food & Beverage,566.23,Hyderabad,Bangalore,,QuickShip,3.0,3.0,On-Time,Perfect,4.0,587.57,Hyderabad-Bangalore,164.57,22.21,131.65,102.0,,180.78,167.73,74.93,41.22,53.87,66.15,47.35,4.0,,,,,,,,0.0,0.0,0,2025-10-09,4320.0,2,0.8644067796536914,0.7419354838709677,0.5186440677922148,1.0,197.48399999605033,0.10333333333333333,No action required
ORD000062,2025-10-06,SMB,Economy,Food & Beverage,802.77,Mumbai,Bangalore,,QuickShip,5.0,5.0,On-Time,Perfect,4.0,608.58,Mumbai-Bangalore,573.35,65.1,458.68,67.0,Light_Rain,209.54,189.7,86.72,36.4,34.25,72.14,33.72,4.0,Mumbai,WH001_Mumbai,Electronics,3042.0,925.0,18.32,2025-10-06,0.0,0.0,0,2025-10-11,7200.0,1,0.5677966101646796,0.7419354838709677,0.4606779660988078,3.288648648648649,688.0199999862397,0.19,No action required
ORD000127,2025-10-07,SMB,Express,Electronics,903.84,Kolkata,Hong Kong,,EcoDeliver,2.0,2.0,On-Time,Perfect,5.0,588.81,Kolkata-Hong Kong,4754.72,566.58,0.0,0.0,,226.64,169.78,63.84,54.07,45.6,51.56,50.65,,Kolkata,WH005_Kolkata,Electronics,2681.0,717.0,22.52,2025-09-26,0.0,0.0,0,2025-10-09,2880.0,3,0.0,0.625,0.0,3.739191073919107,5705.663999885887,0.17,No action required
ORD000136,2025-10-07,Enterprise,Economy,Food & Beverage,278.37,Hyderabad,Ahmedabad,,QuickShip,5.0,10.0,Severely-Delayed,Perfect,1.0,758.17,Hyderabad-Ahmedabad,1181.27,140.4,945.02,14.0,Heavy_Rain,272.64,265.04,92.32,72.81,50.99,62.31,45.65,,,,,,,,,5.0,7200.0,1,2025-10-12,7200.0,1,0.11864406779560471,0.7419354838709677,0.39118644067736286,1.0,1417.5239999716496,0.7333333333333333,Monitor closely
ORD000158,2025-10-07,Enterprise,Standard,Home Goods,102.94,Mumbai,Bangkok,,,,,,,,,,,,,,,,,,,,,,,Mumbai,WH001_Mumbai,Electronics,3042.0,925.0,18.32,2025-10-06,,0.0,0,,5760.0,2,0.0,0.5386753451112224,0.0,3.288648648648649,,0.0,No action required
ORD000039,2025-10-07,SMB,Express,Food & Beverage,1514.58,Bangalore,Dubai,Hazmat,GlobalTransit,2.0,3.0,Slightly-Delayed,Perfect,3.0,368.69,Bangalore-Dubai,3434.78,408.63,0.0,0.0,Light_Rain,139.87,116.48,47.52,34.4,23.77,36.39,29.85,,Bangalore,WH003_Bangalore,Electronics,2707.0,632.0,27.31,2025-09-22,1.0,1440.0,1,2025-10-09,2880.0,3,0.0,0.36363636363636365,0.12,4.283227848101266,4121.735999917566,0.8266666666666667,Reroute/Reassign/Expedite
ORD000196,2025-10-07,Enterprise,Economy,Fashion,442.46,Mumbai,Chennai,,,,,,,,,,,,,,,,,,,,,,,Mumbai,WH001_Mumbai,Electronics,3042.0,925.0,18.32,2025-10-06,,0.0,0,,5760.0,1,0.0,0.5386753451112224,0.0,3.288648648648649,,0.0,No action required
ORD000022,2025-10-08,Enterprise,Standard,Home Goods,501.6,Bangalore,Dubai,Fragile,SpeedyLogistics,3.0,3.0,On-Time,Perfect,5.0,363.82,Bangalore-Dubai,3317.45,401.56,0.0,0.0,Heavy_Rain,133.56,120.26,53.6,25.47,32.44,32.98,36.21,5.0,Bangalore,WH003_Bangalore,Electronics,2707.0,632.0,27.31,2025-09-22,0.0,0.0,0,2025-10-11,4320.0,2,0.0,0.4878048780487805,0.32000000000000006,4.283227848101266,3980.9399999203815,0.3,No action required
ORD000191,2025-10-09,Individual,Economy,Home Goods,500.11,Delhi,Ahmedabad,,,,,,,,,,,,,,,,,,,,,,,Delhi,WH002_Delhi,Electronics,214.0,873.0,28.37,2025-09-23,,0.0,0,,5760.0,1,0.0,0.5386753451112224,0.0,0.24513172966781213,,0.0,No action required
ORD000007,2025-10-09,Individual,Standard,Electronics,736.82,Pune,Bangalore,,QuickShip,3.0,3.0,On-Time,Perfect,4.0,439.72,Pune-Bangalore,854.87,103.85,683.9,10.0,,158.91,121.05,56.67,29.88,40.09,49.61,32.48,4.0,,,,,,,,0.0,0.0,0,2025-10-12,4320.0,2,0.08474576271114621,0.7419354838709677,0.05084745762668773,1.0,1025.8439999794832,0.24666666666666667,No action required
ORD000160,2025-10-09,SMB,Express,Books,35.95,Bangalore,Chennai,Hazmat,,,,,,,,,,,,,,,,,,,,,,Bangalore,WH003_Bangalore,Electronics,2707.0,632.0,27.31,2025-09-22,,0.0,0,,5760.0,3,0.0,0.5386753451112224,0.0,4.283227848101266,,0.0033333333333333335,No action required
ORD000184,2025-10-09,Enterprise,Economy,Food & Beverage,15.46,Ahmedabad,Dubai,,,,,,,,,,,,,,,,,,,,,,,,,,,,,,,0.0,0,,5760.0,1,0.0,0.5386753451112224,0.0,1.0,,0.0,No action required
ORD000115,2025-10-09,Individual,Standard,Food & Beverage,1482.93,Mumbai,Kolkata,,SpeedyLogistics,3.0,3.0,On-Time,Perfect,5.0,252.68,Mumbai-Kolkata,1189.05,144.35,951.24,58.0,Fog,97.51,75.81,33.79,15.65,22.21,27.9,16.58,,Mumbai,WH001_Mumbai,Electronics,3042.0,925.0,18.32,2025-10-06,0.0,0.0,0,2025-10-12,4320.0,2,0.4915254237246481,0.4878048780487805,0.45491525423478885,3.288648648648649,1426.8599999714627,0.23666666666666666,No action required
ORD000001,2025-10-09,Individual,Express,Industrial,238.73,Kolkata,Hyderabad,,SpeedyLogistics,1.0,2.0,Slightly-Delayed,Perfect,3.0,387.86,Kolkata-Hyderabad,152.59,23.02,122.08,21.0,,151.36,110.31,53.0,32.17,37.46,43.77,30.38,,Kolkata,WH005_Kolkata,Electronics,2681.0,717.0,22.52,2025-09-26,1.0,1440.0,1,2025-10-10,1440.0,3,0.17796610169340707,0.4878048780487805,0.10677966101604423,3.739191073919107,183.10799999633787,0.8066666666666666,Reroute/Reassign/Expedite
ORD000153,2025-10-09,SMB,Express,Food & Beverage,12270.8,Delhi,Bangkok,Fragile,,,,,,,,,,,,,,,,,,,,,,Delhi,WH002_Delhi,Electronics,214.0,873.0,28.37,2025-09-23,,0.0,0,,5760.0,3,0.0,0.5386753451112224,0.0,0.24513172966781213,,0.0,No action required
ORD000144,2025-10-09,SMB,Standard,Books,645.14,Kolkata,Hong Kong,,GlobalTransit,3.0,5.0,Slightly-Delayed,Wrong_Item,2.0,539.6,Kolkata-Hong Kong,3312.45,401.32,0.0,0.0,,174.55,179.09,63.06,49.31,27.0,49.81,33.49,2.0,Kolkata,WH005_Kolkata,Electronics,2681.0,717.0,22.52,2025-09-26,2.0,2880.0,1,2025-10-12,4320.0,2,0.0,0.36363636363636365,0.0,3.739191073919107,3974.939999920501,0.7766666666666666,Monitor closely
ORD000043,2025-10-09,SMB,Economy,Home Goods,8066.8,Delhi,Bangalore,,QuickShip,10.0,12.0,Slightly-Delayed,Wrong_Item,1.0,1045.15,Delhi-Bangalore,484.25,59.51,387.4,52.0,,324.29,274.45,155.68,87.47,96.51,97.17,87.61,,Delhi,WH002_Delhi,Electronics,214.0,873.0,28.37,2025-09-23,2.0,2880.0,1,2025-10-19,14400.0,1,0.44067796609796034,0.7419354838709677,0.2644067796587762,0.24513172966781213,581.099999988378,0.7466666666666667,Monitor closely
ORD000084,2025-10-10,Individual,Standard,Healthcare,870.36,Delhi,Hong Kong,,ReliableExpress,4.0,4.0,On-Time,Perfect,5.0,486.64,Delhi-Hong Kong,3306.52,395.1,0.0,0.0,,166.15,168.28,61.83,39.06,29.7,51.11,38.24,5.0,Delhi,WH002_Delhi,Electronics,214.0,873.0,28.37,2025-09-23,0.0,0.0,0,2025-10-14,5760.0,2,0.0,0.475,0.0,0.24513172966781213,3967.8239999206435,0.13666666666666666,No action required
ORD000014,2025-10-10,SMB,Express,Industrial,1421.72,Delhi,Bangalore,,SpeedyLogistics,2.0,2.0,On-Time,Perfect,5.0,313.96,Delhi-Bangalore,1450.16,171.78,1160.13,45.0,,105.91,86.51,33.06,21.27,22.18,33.6,26.03,5.0,Delhi,WH002_Delhi,Electronics,214.0,873.0,28.37,2025-09-23,0.0,0.0,0,2025-10-12,2880.0,3,0.381355932200158,0.4878048780487805,0.22881355932009478,0.24513172966781213,1740.1919999651964,0.19,No action required
ORD000130,2025-10-10,SMB,Standard,Books,143.22,Bangalore,Delhi,,EcoDeliver,5.0,5.0,On-Time,Perfect,5.0,562.77,Bangalore-Delhi,1715.78,206.71,1372.62,10.0,,191.78,190.58,57.61,55.19,47.25,59.23,35.75,,Bangalore,WH003_Bangalore,Electronics,2707.0,632.0,27.31,2025-09-22,0.0,0.0,0,2025-10-15,7200.0,2,0.08474576271114621,0.625,0.05084745762668773,4.283227848101266,2058.9359999588214,0.07333333333333333,No action required
ORD000064,2025-10-10,Individual,Standard,Home Goods,58.17,Mumbai,Bangkok,,GlobalTransit,4.0,5.0,Slightly-Delayed,Perfect,3.0,589.48,Mumbai-Bangkok,3932.45,467.38,0.0,0.0,,208.93,161.15,77.75,53.64,30.7,58.9,49.79,,Mumbai,WH001_Mumbai,Electronics,3042.0,925.0,18.32,2025-10-06,1.0,1440.0,1,2025-10-14,5760.0,2,0.0,0.36363636363636365,0.0,3.288648648648649,4718.939999905621,0.8866666666666667,Reroute/Reassign/Expedite
ORD000116,2025-10-11,Individual,Express,Industrial,99.01,Bangalore,Kolkata,,GlobalTransit,2.0,2.0,On-Time,Minor_Damage,4.0,354.35,Bangalore-Kolkata,1398.08,171.32,1118.47,43.0,,120.86,96.02,52.74,29.16,34.28,32.65,31.57,,Bangalore,WH003_Bangalore,Electronics,2707.0,632.0,27.31,2025-09-22,0.0,0.0,0,2025-10-13,2880.0,3,0.3644067796579287,0.36363636363636365,0.21864406779475723,4.283227848101266,1677.6959999664462,0.29333333333333333,No action required
ORD000189,2025-10-11,SMB,Economy,Healthcare,1364.91,Kolkata,Delhi,Fragile,,,,,,,,,,,,,,,,,,,,,,Kolkata,WH005_Kolkata,Electronics,2681.0,717.0,22.52,2025-09-26,,0.0,0,,5760.0,1,0.0,0.5386753451112224,0.0,3.739191073919107,,0.0,No action required
ORD000094,2025-10-11,SMB,Economy,Food & Beverage,6383.13,Mumbai,Kolkata,Fragile,ReliableExpress,10.0,11.0,Slightly-Delayed,Perfect,3.0,740.51,Mumbai-Kolkata,721.66,83.85,577.33,107.0,,266.54,239.09,85.73,51.58,45.8,62.11,43.65,,Mumbai,WH001_Mumbai,Electronics,3042.0,925.0,18.32,2025-10-06,1.0,1440.0,1,2025-10-21,14400.0,1,0.9067796610092645,0.475,0.5440677966055587,3.288648648648649,865.9919999826801,0.85,Reroute/Reassign/Expedite
ORD000032,2025-10-12,Individual,Standard,Healthcare,118.85,Chennai,Dubai,,ReliableExpress,3.0,5.0,Slightly-Delayed,Perfect,3.0,416.08,Chennai-Dubai,4465.78,538.99,0.0,0.0,Heavy_Rain,138.86,140.25,43.35,25.2,36.46,34.14,31.05,3.0,Chennai,WH004_Chennai,Electronics,3993.0,867.0,36.38,2025-09-27,2.0,2880.0,1,2025-10-15,4320.0,2,0.0,0.475,0.32000000000000006,4.6055363321799305,5358.935999892821,0.8566666666666667,Reroute/Reassign/Expedite
ORD000150,2025-10-12,Enterprise,Standard,Healthcare,151.01,Ahmedabad,Dubai,,QuickShip,5.0,5.0,On-Time,Perfect,4.0,410.63,Ahmedabad-Dubai,2448.8,292.66,0.0,0.0,,154.78,141.04,59.73,37.36,38.77,36.12,26.37,4.0,,,,,,,,0.0,0.0,0,2025-10-17,7200.0,2,0.0,0.7419354838709677,0.0,1.0,2938.5599999412293,0.13333333333333333,No action required
ORD000114,2025-10-12,Individual,Economy,Food & Beverage,555.01,Chennai,Kolkata,,ReliableExpress,7.0,7.0,On-Time,Perfect,5.0,601.56,Chennai-Kolkata,1552.18,188.99,1241.74,99.0,,233.39,153.35,67.11,57.07,37.78,53.43,34.23,5.0,Chennai,WH004_Chennai,Electronics,3993.0,867.0,36.38,2025-09-27,0.0,0.0,0,2025-10-19,10080.0,1,0.8389830508403475,0.475,0.5033898305042085,4.6055363321799305,1862.615999962748,0.21,No action required
ORD000172,2025-10-12,Individual,Express,Food & Beverage,7514.57,Chennai,Bangkok,,,,,,,,,,,,,,,,,,,,,,,Chennai,WH004_Chennai,Electronics,3993.0,867.0,36.38,2025-09-27,,0.0,0,,5760.0,3,0.0,0.5386753451112224,0.0,4.6055363321799305,,0.013333333333333334,No action required
ORD000068,2025-10-12,Enterprise,Economy,Books,1390.4,Kolkata,Bangalore,,ReliableExpress,7.0,7.0,On-Time,Perfect,4.0,511.73,Kolkata-Bangalore,1497.71,183.23,1198.16,15.0,,188.09,148.19,70.52,37.21,36.14,60.07,32.01,,Kolkata,WH005_Kolkata,Electronics,2681.0,717.0,22.52,2025-09-26,0.0,0.0,0,2025-10-19,10080.0,1,0.12711864406671933,0.475,0.0762711864400316,3.739191073919107,1797.2519999640551,0.18666666666666668,No action required
ORD000198,2025-10-12,Individual,Economy,Healthcare,104.5,Mumbai,Dubai,,,,,,,,,,,,,,,,,,,,,,,Mumbai,WH001_Mumbai,Electronics,3042.0,925.0,18.32,2025-10-06,,0.0,0,,5760.0,1,0.0,0.5386753451112224,0.0,3.288648648648649,,0.0,No action required
ORD000163,2025-10-13,Individual,Standard,Home Goods,206.02,Delhi,Hyderabad,,,,,,,,,,,,,,,,,,,,,,,Delhi,WH002_Delhi,Electronics,214.0,873.0,28.37,2025-09-23,,0.0,0,,5760.0,2,0.0,0.5386753451112224,0.0,0.24513172966781213,,0.0,No action required
ORD000004,2025-10-13,Individual,Economy,Fashion,56.74,Hyderabad,Ahmedabad,,QuickShip,5.0,5.0,On-Time,Perfect,5.0,599.01,Hyderabad-Ahmedabad,540.87,61.85,432.7,112.0,,215.33,194.01,60.87,49.68,45.89,50.4,35.12,,,,,,,,,0.0,0.0,0,2025-10-18,7200.0,1,0.9491525423648377,0.7419354838709677,0.5694915254189026,1.0,649.0439999870192,0.16333333333333333,No action required
ORD000073,2025-10-14,Enterprise,Standard,Home Goods,12.31,Mumbai,Dubai,Fragile,ReliableExpress,3.0,8.0,Severely-Delayed,Perfect,2.0,831.61,Mumbai-Dubai,4139.62,493.75,0.0,0.0,Heavy_Rain,297.86,241.29,97.22,46.85,57.87,71.94,72.12,2.0,Mumbai,WH001_Mumbai,Electronics,3042.0,925.0,18.32,2025-10-06,5.0,7200.0,1,2025-10-17,4320.0,2,0.0,0.475,0.32000000000000006,3.288648648648649,4967.543999900649,0.8466666666666667,Reroute/Reassign/Expedite
ORD000037,2025-10-14,SMB,Express,Books,1269.5,Chennai,Dubai,,QuickShip,1.0,1.0,On-Time,Minor_Damage,4.0,253.27,Chennai-Dubai,2302.82,280.03,0.0,0.0,,96.9,80.36,35.77,17.69,14.64,27.74,17.23,,Chennai,WH004_Chennai,Electronics,3993.0,867.0,36.38,2025-09-27,0.0,0.0,0,2025-10-15,1440.0,3,0.0,0.7419354838709677,0.0,4.6055363321799305,2763.3839999447328,0.17,No action required
ORD000104,2025-10-14,Enterprise,Economy,Healthcare,226.26,Kolkata,Singapore,Fragile,QuickShip,5.0,5.0,On-Time,Perfect,5.0,507.19,Kolkata-Singapore,3639.73,436.1,0.0,0.0,,180.93,167.18,69.36,40.83,37.74,43.28,31.99,,Kolkata,WH005_Kolkata,Electronics,2681.0,717.0,22.52,2025-09-26,0.0,0.0,0,2025-10-19,7200.0,1,0.0,0.7419354838709677,0.0,3.739191073919107,4367.675999912647,0.13333333333333333,No action required
ORD000129,2025-10-14,Enterprise,Economy,Fashion,3280.49,Bangalore,Bangkok,,ReliableExpress,5.0,7.0,Slightly-Delayed,Perfect,3.0,840.98,Bangalore-Bangkok,2525.67,306.75,0.0,0.0,,322.84,266.68,113.41,57.31,79.02,91.68,46.78,,Bangalore,WH003_Bangalore,Electronics,2707.0,632.0,27.31,2025-09-22,2.0,2880.0,1,2025-10-19,7200.0,1,0.0,0.475,0.0,4.283227848101266,3030.8039999393845,0.8233333333333334,Reroute/Reassign/Expedite
ORD000178,2025-10-14,Enterprise,Standard,Healthcare,289.37,Delhi,Mumbai,,,,,,,,,,,,,,,,,,,,,,,Delhi,WH002_Delhi,Electronics,214.0,873.0,28.37,2025-09-23,,0.0,0,,5760.0,2,0.0,0.5386753451112224,0.0,0.24513172966781213,,0.0,No action required
ORD000177,2025-10-14,SMB,Standard,Home Goods,172.16,Mumbai,Chennai,,,,,,,,,,,,,,,,,,,,,,,Mumbai,WH001_Mumbai,Electronics,3042.0,925.0,18.32,2025-10-06,,0.0,0,,5760.0,2,0.0,0.5386753451112224,0.0,3.288648648648649,,0.0,No action required
ORD000199,2025-10-14,Enterprise,Economy,Electronics,570.44,Pune,Ahmedabad,Fragile,,,,,,,,,,,,,,,,,,,,,,,,,,,,,,0.0,0,,5760.0,1,0.0,0.5386753451112224,0.0,1.0,,0.0,No action required
ORD000028,2025-10-14,SMB,Standard,Books,20435.93,Kolkata,Dubai,,GlobalTransit,5.0,5.0,On-Time,Perfect,5.0,620.17,Kolkata-Dubai,4872.34,579.77,0.0,0.0,Fog,221.65,179.41,62.91,49.09,31.36,69.15,40.51,,Kolkata,WH005_Kolkata,Electronics,2681.0,717.0,22.52,2025-09-26,0.0,0.0,0,2025-10-19,7200.0,2,0.0,0.36363636363636365,0.16000000000000003,3.739191073919107,5846.807999883064,0.18666666666666668,No action required
ORD000020,2025-10-14,SMB,Express,Fashion,13.24,Kolkata,Pune,Temperature_Controlled,QuickShip,2.0,2.0,On-Time,Perfect,5.0,311.13,Kolkata-Pune,1123.6,135.75,898.88,6.0,Fog,119.6,92.84,39.11,20.36,24.47,28.94,16.17,5.0,Kolkata,WH005_Kolkata,Electronics,2681.0,717.0,22.52,2025-09-26,0.0,0.0,0,2025-10-16,2880.0,3,0.050847457626687735,0.7419354838709677,0.19050847457601267,3.739191073919107,1348.3199999730334,0.16,No action required
ORD000056,2025-10-14,Enterprise,Economy,Books,303.74,Delhi,Singapore,,SpeedyLogistics,7.0,7.0,On-Time,Perfect,5.0,810.13,Delhi-Singapore,3694.95,447.06,0.0,0.0,,286.81,271.49,119.8,63.42,61.35,67.57,62.74,,Delhi,WH002_Delhi,Electronics,214.0,873.0,28.37,2025-09-23,0.0,0.0,0,2025-10-21,10080.0,1,0.0,0.4878048780487805,0.0,0.24513172966781213,4433.939999911321,0.19,No action required
ORD000173,2025-10-15,SMB,Economy,Home Goods,173.18,Bangalore,Mumbai,,,,,,,,,,,,,,,,,,,,,,,Bangalore,WH003_Bangalore,Electronics,2707.0,632.0,27.31,2025-09-22,,0.0,0,,5760.0,1,0.0,0.5386753451112224,0.0,4.283227848101266,,0.0,No action required
ORD000087,2025-10-15,SMB,Economy,Fashion,828.3,Chennai,Ahmedabad,,SpeedyLogistics,10.0,10.0,On-Time,Perfect,4.0,754.96,Chennai-Ahmedabad,1756.13,214.21,1404.9,72.0,,256.52,227.37,93.74,52.2,69.42,64.79,56.84,4.0,Chennai,WH004_Chennai,Electronics,3993.0,867.0,36.38,2025-09-27,0.0,0.0,0,2025-10-25,14400.0,1,0.6101694915202528,0.4878048780487805,0.36610169491215167,4.6055363321799305,2107.3559999578533,0.17,No action required
ORD000097,2025-10-15,Individual,Express,Home Goods,13.91,Kolkata,Delhi,,ReliableExpress,1.0,2.0,Slightly-Delayed,Perfect,3.0,431.71,Kolkata-Delhi,1246.02,147.12,996.82,48.0,Heavy_Rain,146.75,125.61,64.29,25.49,38.84,40.31,37.36,3.0,Kolkata,WH005_Kolkata,Electronics,2681.0,717.0,22.52,2025-09-26,1.0,1440.0,1,2025-10-16,1440.0,3,0.4067796610135019,0.475,0.5640677966081011,3.739191073919107,1495.2239999700957,0.8733333333333333,Reroute/Reassign/Expedite
ORD000161,2025-10-15,Enterprise,Standard,Fashion,3055.07,Bangalore,Mumbai,,,,,,,,,,,,,,,,,,,,,,,Bangalore,WH003_Bangalore,Electronics,2707.0,632.0,27.31,2025-09-22,,0.0,0,,5760.0,2,0.0,0.5386753451112224,0.0,4.283227848101266,,0.0,No action required
ORD000093,2025-10-15,Individual,Standard,Food & Beverage,373.29,Ahmedabad,Delhi,,QuickShip,4.0,8.0,Severely-Delayed,Perfect,1.0,736.11,Ahmedabad-Delhi,1206.63,146.24,965.3,31.0,,256.88,214.61,74.49,49.15,43.32,61.79,72.02,1.0,,,,,,,,4.0,5760.0,1,2025-10-19,5760.0,2,0.2627118644045533,0.7419354838709677,0.15762711864273196,1.0,1447.9559999710411,0.73,Monitor closely
ORD000089,2025-10-17,Enterprise,Express,Industrial,1728.69,Bangalore,Hong Kong,,SpeedyLogistics,1.0,2.0,Slightly-Delayed,Perfect,3.0,361.56,Bangalore-Hong Kong,2621.28,311.08,0.0,0.0,Heavy_Rain,110.23,93.93,36.95,21.43,27.86,38.26,18.9,,Bangalore,WH003_Bangalore,Electronics,2707.0,632.0,27.31,2025-09-22,1.0,1440.0,1,2025-10-18,1440.0,3,0.0,0.4878048780487805,0.32000000000000006,4.283227848101266,3145.53599993709,0.79,Monitor closely
ORD000054,2025-10-17,SMB,Express,Healthcare,324.8,Bangalore,Mumbai,,EcoDeliver,2.0,3.0,Slightly-Delayed,Perfect,3.0,488.53,Bangalore-Mumbai,893.85,105.67,715.08,43.0,Light_Rain,151.17,162.75,71.29,40.3,26.95,46.94,42.23,,Bangalore,WH003_Bangalore,Electronics,2707.0,632.0,27.31,2025-09-22,1.0,1440.0,1,2025-10-19,2880.0,3,0.3644067796579287,0.625,0.3386440677947572,4.283227848101266,1072.6199999785476,0.8,Monitor closely
ORD000137,2025-10-17,Individual,Express,Electronics,365.69,Bangalore,Bangkok,,QuickShip,2.0,2.0,On-Time,Perfect,5.0,325.28,Bangalore-Bangkok,3380.01,401.55,0.0,0.0,Light_Rain,111.2,88.46,32.53,31.15,29.99,35.68,18.99,,Bangalore,WH003_Bangalore,Electronics,2707.0,632.0,27.31,2025-09-22,0.0,0.0,0,2025-10-19,2880.0,3,0.0,0.7419354838709677,0.12,4.283227848101266,4056.0119999188805,0.08333333333333333,No action required
ORD000036,2025-10-17,SMB,Express,Industrial,496.59,Chennai,Hong Kong,Fragile,EcoDeliver,2.0,3.0,Slightly-Delayed,Perfect,3.0,518.38,Chennai-Hong Kong,3731.12,449.71,0.0,0.0,,201.45,176.03,59.54,31.88,36.58,46.46,43.35,,Chennai,WH004_Chennai,Electronics,3993.0,867.0,36.38,2025-09-27,1.0,1440.0,1,2025-10-19,2880.0,3,0.0,0.625,0.0,4.6055363321799305,4477.343999910454,0.78,Monitor closely
ORD000058,2025-10-17,Individual,Standard,Fashion,850.6,Delhi,Hong Kong,,ReliableExpress,4.0,4.0,On-Time,Incomplete,3.0,428.43,Delhi-Hong Kong,3131.95,380.48,0.0,0.0,,136.11,149.41,52.36,32.81,40.14,51.34,33.9,,Delhi,WH002_Delhi,Electronics,214.0,873.0,28.37,2025-09-23,0.0,0.0,0,2025-10-21,5760.0,2,0.0,0.475,0.0,0.24513172966781213,3758.3399999248336,0.09666666666666666,No action required
ORD000124,2025-10-18,SMB,Standard,Books,224.99,Mumbai,Pune,,QuickShip,5.0,5.0,On-Time,Perfect,5.0,573.88,Mumbai-Pune,198.09,23.22,158.48,89.0,,218.21,192.91,61.33,56.02,38.13,61.11,50.27,5.0,Mumbai,WH001_Mumbai,Electronics,3042.0,925.0,18.32,2025-10-06,0.0,0.0,0,2025-10-23,7200.0,2,0.7542372881292013,0.7419354838709677,0.45254237287752075,3.288648648648649,237.70799999524587,0.16666666666666666,No action required
ORD000079,2025-10-18,SMB,Economy,Healthcare,13.02,Hyderabad,Bangkok,,GlobalTransit,7.0,8.0,Slightly-Delayed,Wrong_Item,2.0,533.76,Hyderabad-Bangkok,3785.4,449.35,0.0,0.0,,162.28,155.08,67.15,42.18,51.67,57.05,39.53,,,,,,,,,1.0,1440.0,1,2025-10-25,10080.0,1,0.0,0.36363636363636365,0.0,1.0,4542.479999909151,0.8766666666666667,Reroute/Reassign/Expedite
ORD000030,2025-10-19,SMB,Standard,Food & Beverage,847.13,Delhi,Chennai,Fragile,GlobalTransit,5.0,5.0,On-Time,Perfect,5.0,530.24,Delhi-Chennai,124.34,17.3,99.47,24.0,,173.47,180.51,62.96,41.09,27.85,51.46,48.58,5.0,Delhi,WH002_Delhi,Electronics,214.0,873.0,28.37,2025-09-23,0.0,0.0,0,2025-10-24,7200.0,2,0.20338983050675094,0.36363636363636365,0.12203389830405056,0.24513172966781213,149.20799999701586,0.09666666666666666,No action required
ORD000154,2025-10-19,SMB,Standard,Industrial,35.02,Pune,Chennai,Fragile,,,,,,,,,,,,,,,,,,,,,,,,,,,,,,0.0,0,,5760.0,2,0.0,0.5386753451112224,0.0,1.0,,0.0,No action required
ORD000063,2025-10-20,Individual,Economy,Food & Beverage,1075.03,Kolkata,Singapore,,ReliableExpress,7.0,9.0,Slightly-Delayed,Perfect,3.0,905.22,Kolkata-Singapore,2894.16,343.35,0.0,0.0,Light_Rain,314.88,279.31,115.03,49.15,47.84,76.24,71.77,3.0,Kolkata,WH005_Kolkata,Electronics,2681.0,717.0,22.52,2025-09-26,2.0,2880.0,1,2025-10-27,10080.0,1,0.0,0.475,0.12,3.739191073919107,3472.9919999305403,0.8466666666666667,Reroute/Reassign/Expedite
ORD000048,2025-10-20,Enterprise,Standard,Books,162.94,Delhi,Hyderabad,,EcoDeliver,3.0,3.0,On-Time,Perfect,5.0,598.64,Delhi-Hyderabad,1498.31,182.84,1198.65,21.0,,217.39,175.19,76.27,35.16,38.79,63.79,58.83,5.0,Delhi,WH002_Delhi,Electronics,214.0,873.0,28.37,2025-09-23,0.0,0.0,0,2025-10-23,4320.0,2,0.17796610169340707,0.625,0.10677966101604423,0.24513172966781213,1797.9719999640406,0.12333333333333334,No action required
